Keyword;Sentence;SpeakerID;SpeakerMT;SpeakerExp.;SpeakerSex;ListenerID;ListenerMT;ListenerExp.;ListenerSex;Response
planted;1;1;AE;NA;f;L1;AE;NA;M;1
vergetablegarden;1;1;AE;NA;f;L1;AE;NA;M;1
last;1;1;AE;NA;f;L1;AE;NA;M;1
summer;1;1;AE;NA;f;L1;AE;NA;M;1
is;2;1;AE;NA;f;L1;AE;NA;M;1
weekend;2;1;AE;NA;f;L1;AE;NA;M;1
whole;2;1;AE;NA;f;L1;AE;NA;M;1
family;2;1;AE;NA;f;L1;AE;NA;M;1
is;2;1;AE;NA;f;L1;AE;NA;M;1
outside;2;1;AE;NA;f;L1;AE;NA;M;1
have;3;1;AE;NA;f;L1;AE;NA;M;1
nice;3;1;AE;NA;f;L1;AE;NA;M;1
chair;3;1;AE;NA;f;L1;AE;NA;M;1
sit;3;1;AE;NA;f;L1;AE;NA;M;1
umbrella;3;1;AE;NA;f;L1;AE;NA;M;1
motherbird;4;2;AE;NA;m;L1;AE;NA;M;1
feeding;4;2;AE;NA;m;L1;AE;NA;M;0
smaller;4;2;AE;NA;m;L1;AE;NA;M;1
birds;4;2;AE;NA;m;L1;AE;NA;M;1
farmer;5;2;AE;NA;m;L1;AE;NA;M;1
helping;5;2;AE;NA;m;L1;AE;NA;M;0
tractor;5;2;AE;NA;m;L1;AE;NA;M;1
examining;5;2;AE;NA;m;L1;AE;NA;M;1
dog;6;2;AE;NA;m;L1;AE;NA;M;1
is;6;2;AE;NA;m;L1;AE;NA;M;1
chained;6;2;AE;NA;m;L1;AE;NA;M;1
bone;6;2;AE;NA;m;L1;AE;NA;M;0
is;6;2;AE;NA;m;L1;AE;NA;M;0
happy;6;2;AE;NA;m;L1;AE;NA;M;0
is;7;3;BE;NA;f;L1;AE;NA;M;0
interested;7;3;BE;NA;f;L1;AE;NA;M;1
rabbits;7;3;BE;NA;f;L1;AE;NA;M;1
sitting;7;3;BE;NA;f;L1;AE;NA;M;0
farmyard;7;3;BE;NA;f;L1;AE;NA;M;1
seems;8;3;BE;NA;f;L1;AE;NA;M;1
emancipated;8;3;BE;NA;f;L1;AE;NA;M;1
lady;8;3;BE;NA;f;L1;AE;NA;M;1
driving;8;3;BE;NA;f;L1;AE;NA;M;1
tractor;8;3;BE;NA;f;L1;AE;NA;M;1
kitten;9;3;BE;NA;f;L1;AE;NA;M;0
having;9;3;BE;NA;f;L1;AE;NA;M;0
bowl;9;3;BE;NA;f;L1;AE;NA;M;1
milk;9;3;BE;NA;f;L1;AE;NA;M;1
is;10;4;BE;NA;m;L1;AE;NA;M;1
teddybear;10;4;BE;NA;m;L1;AE;NA;M;1
lying;10;4;BE;NA;m;L1;AE;NA;M;1
middle;10;4;BE;NA;m;L1;AE;NA;M;1
road;10;4;BE;NA;m;L1;AE;NA;M;1
is;11;4;BE;NA;m;L1;AE;NA;M;1
man;11;4;BE;NA;m;L1;AE;NA;M;1
walking;11;4;BE;NA;m;L1;AE;NA;M;1
dog;11;4;BE;NA;m;L1;AE;NA;M;1
talking;11;4;BE;NA;m;L1;AE;NA;M;1
phone;11;4;BE;NA;m;L1;AE;NA;M;1
is;12;4;BE;NA;m;L1;AE;NA;M;1
little;12;4;BE;NA;m;L1;AE;NA;M;1
boy;12;4;BE;NA;m;L1;AE;NA;M;1
eating;12;4;BE;NA;m;L1;AE;NA;M;1
icecream;12;4;BE;NA;m;L1;AE;NA;M;1
is;13;5;G;AE;f;L1;AE;NA;M;1
guy;13;5;G;AE;f;L1;AE;NA;M;1
reading;13;5;G;AE;f;L1;AE;NA;M;1
newspaper;13;5;G;AE;f;L1;AE;NA;M;1
is;14;5;G;AE;f;L1;AE;NA;M;1
cab;14;5;G;AE;f;L1;AE;NA;M;0
seems;14;5;G;AE;f;L1;AE;NA;M;1
gotton;14;5;G;AE;f;L1;AE;NA;M;1
accident;14;5;G;AE;f;L1;AE;NA;M;1
holds;15;5;G;AE;f;L1;AE;NA;M;0
little;15;5;G;AE;f;L1;AE;NA;M;0
leather;15;5;G;AE;f;L1;AE;NA;M;1
purse;15;5;G;AE;f;L1;AE;NA;M;1
looks;15;5;G;AE;f;L1;AE;NA;M;1
happy;15;5;G;AE;f;L1;AE;NA;M;1
girl;16;6;G;AE;m;L1;AE;NA;M;1
paying;16;6;G;AE;m;L1;AE;NA;M;1
woman;16;6;G;AE;m;L1;AE;NA;M;0
checkout;16;6;G;AE;m;L1;AE;NA;M;1
guess;16;6;G;AE;m;L1;AE;NA;M;1
another;17;6;G;AE;m;L1;AE;NA;M;0
one;17;6;G;AE;m;L1;AE;NA;M;1
selling;17;6;G;AE;m;L1;AE;NA;M;0
sausages;17;6;G;AE;m;L1;AE;NA;M;0
ham;17;6;G;AE;m;L1;AE;NA;M;1
four;18;6;G;AE;m;L1;AE;NA;M;1
adults;18;6;G;AE;m;L1;AE;NA;M;0
working;18;6;G;AE;m;L1;AE;NA;M;1
supermarket;18;6;G;AE;m;L1;AE;NA;M;1
father;19;7;G;BE;f;L1;AE;NA;M;1
looks;19;7;G;BE;f;L1;AE;NA;M;1
son;19;7;G;BE;f;L1;AE;NA;M;1
watering;19;7;G;BE;f;L1;AE;NA;M;1
plants;19;7;G;BE;f;L1;AE;NA;M;1
think;20;7;G;BE;f;L1;AE;NA;M;1
are;20;7;G;BE;f;L1;AE;NA;M;0
flowers;20;7;G;BE;f;L1;AE;NA;M;1
onions;20;7;G;BE;f;L1;AE;NA;M;1
something;20;7;G;BE;f;L1;AE;NA;M;1
thick;20;7;G;BE;f;L1;AE;NA;M;1
root;20;7;G;BE;f;L1;AE;NA;M;1
dog;21;7;G;BE;f;L1;AE;NA;M;1
seems;21;7;G;BE;f;L1;AE;NA;M;1
interested;21;7;G;BE;f;L1;AE;NA;M;1
snail;21;7;G;BE;f;L1;AE;NA;M;1
baby;22;8;G;BE;m;L1;AE;NA;M;1
trying;22;8;G;BE;m;L1;AE;NA;M;0
feed;22;8;G;BE;m;L1;AE;NA;M;0
one;22;8;G;BE;m;L1;AE;NA;M;1
toys;22;8;G;BE;m;L1;AE;NA;M;1
is;23;8;G;BE;m;L1;AE;NA;M;1
window;23;8;G;BE;m;L1;AE;NA;M;1
butterfly;23;8;G;BE;m;L1;AE;NA;M;1
front;23;8;G;BE;m;L1;AE;NA;M;1
see;24;8;G;BE;m;L1;AE;NA;M;1
kitchenmachineries;24;8;G;BE;m;L1;AE;NA;M;1
lying;24;8;G;BE;m;L1;AE;NA;M;1
one;25;9;G;None;f;L1;AE;NA;M;1
girls;25;9;G;None;f;L1;AE;NA;M;1
buying;25;9;G;None;f;L1;AE;NA;M;1
food;25;9;G;None;f;L1;AE;NA;M;1
dog;25;9;G;None;f;L1;AE;NA;M;1
see;26;9;G;None;f;L1;AE;NA;M;1
children;26;9;G;None;f;L1;AE;NA;M;1
have;26;9;G;None;f;L1;AE;NA;M;1
blond;26;9;G;None;f;L1;AE;NA;M;1
hair;26;9;G;None;f;L1;AE;NA;M;1
little;27;9;G;None;f;L1;AE;NA;M;1
boy;27;9;G;None;f;L1;AE;NA;M;0
standing;27;9;G;None;f;L1;AE;NA;M;0
front;27;9;G;None;f;L1;AE;NA;M;0
cucumbers;27;9;G;None;f;L1;AE;NA;M;1
mother;28;10;G;None;m;L1;AE;NA;M;1
standing;28;10;G;None;m;L1;AE;NA;M;1
front;28;10;G;None;m;L1;AE;NA;M;1
refridgerator;28;10;G;None;m;L1;AE;NA;M;1
looking;28;10;G;None;m;L1;AE;NA;M;1
butter;28;10;G;None;m;L1;AE;NA;M;1
dog;29;10;G;None;m;L1;AE;NA;M;1
is;29;10;G;None;m;L1;AE;NA;M;1
interested;29;10;G;None;m;L1;AE;NA;M;1
meat;29;10;G;None;m;L1;AE;NA;M;1
ground;30;10;G;None;m;L1;AE;NA;M;0
lying;30;10;G;None;m;L1;AE;NA;M;0
cookies;30;10;G;None;m;L1;AE;NA;M;1
vegetables;30;10;G;None;m;L1;AE;NA;M;1
planted;1;1;AE;NA;f;L2;AE;NA;F;1
vergetablegarden;1;1;AE;NA;f;L2;AE;NA;F;1
last;1;1;AE;NA;f;L2;AE;NA;F;1
summer;1;1;AE;NA;f;L2;AE;NA;F;1
is;2;1;AE;NA;f;L2;AE;NA;F;1
weekend;2;1;AE;NA;f;L2;AE;NA;F;1
whole;2;1;AE;NA;f;L2;AE;NA;F;1
family;2;1;AE;NA;f;L2;AE;NA;F;1
is;2;1;AE;NA;f;L2;AE;NA;F;1
outside;2;1;AE;NA;f;L2;AE;NA;F;1
have;3;1;AE;NA;f;L2;AE;NA;F;1
nice;3;1;AE;NA;f;L2;AE;NA;F;1
chair;3;1;AE;NA;f;L2;AE;NA;F;1
sit;3;1;AE;NA;f;L2;AE;NA;F;1
umbrella;3;1;AE;NA;f;L2;AE;NA;F;1
motherbird;4;2;AE;NA;m;L2;AE;NA;F;1
feeding;4;2;AE;NA;m;L2;AE;NA;F;1
smaller;4;2;AE;NA;m;L2;AE;NA;F;1
birds;4;2;AE;NA;m;L2;AE;NA;F;1
farmer;5;2;AE;NA;m;L2;AE;NA;F;1
helping;5;2;AE;NA;m;L2;AE;NA;F;1
tractor;5;2;AE;NA;m;L2;AE;NA;F;1
examining;5;2;AE;NA;m;L2;AE;NA;F;1
dog;6;2;AE;NA;m;L2;AE;NA;F;1
is;6;2;AE;NA;m;L2;AE;NA;F;1
chained;6;2;AE;NA;m;L2;AE;NA;F;1
bone;6;2;AE;NA;m;L2;AE;NA;F;0
is;6;2;AE;NA;m;L2;AE;NA;F;1
happy;6;2;AE;NA;m;L2;AE;NA;F;1
is;7;3;BE;NA;f;L2;AE;NA;F;0
interested;7;3;BE;NA;f;L2;AE;NA;F;1
rabbits;7;3;BE;NA;f;L2;AE;NA;F;1
sitting;7;3;BE;NA;f;L2;AE;NA;F;1
farmyard;7;3;BE;NA;f;L2;AE;NA;F;0
seems;8;3;BE;NA;f;L2;AE;NA;F;1
emancipated;8;3;BE;NA;f;L2;AE;NA;F;1
lady;8;3;BE;NA;f;L2;AE;NA;F;1
driving;8;3;BE;NA;f;L2;AE;NA;F;1
tractor;8;3;BE;NA;f;L2;AE;NA;F;1
kitten;9;3;BE;NA;f;L2;AE;NA;F;1
having;9;3;BE;NA;f;L2;AE;NA;F;1
bowl;9;3;BE;NA;f;L2;AE;NA;F;1
milk;9;3;BE;NA;f;L2;AE;NA;F;1
is;10;4;BE;NA;m;L2;AE;NA;F;1
teddybear;10;4;BE;NA;m;L2;AE;NA;F;1
lying;10;4;BE;NA;m;L2;AE;NA;F;1
middle;10;4;BE;NA;m;L2;AE;NA;F;1
road;10;4;BE;NA;m;L2;AE;NA;F;0
is;11;4;BE;NA;m;L2;AE;NA;F;1
man;11;4;BE;NA;m;L2;AE;NA;F;1
walking;11;4;BE;NA;m;L2;AE;NA;F;1
dog;11;4;BE;NA;m;L2;AE;NA;F;1
talking;11;4;BE;NA;m;L2;AE;NA;F;1
phone;11;4;BE;NA;m;L2;AE;NA;F;1
is;12;4;BE;NA;m;L2;AE;NA;F;1
little;12;4;BE;NA;m;L2;AE;NA;F;0
boy;12;4;BE;NA;m;L2;AE;NA;F;1
eating;12;4;BE;NA;m;L2;AE;NA;F;1
icecream;12;4;BE;NA;m;L2;AE;NA;F;1
is;13;5;G;AE;f;L2;AE;NA;F;1
guy;13;5;G;AE;f;L2;AE;NA;F;1
reading;13;5;G;AE;f;L2;AE;NA;F;1
newspaper;13;5;G;AE;f;L2;AE;NA;F;1
is;14;5;G;AE;f;L2;AE;NA;F;1
cab;14;5;G;AE;f;L2;AE;NA;F;1
seems;14;5;G;AE;f;L2;AE;NA;F;1
gotton;14;5;G;AE;f;L2;AE;NA;F;1
accident;14;5;G;AE;f;L2;AE;NA;F;1
holds;15;5;G;AE;f;L2;AE;NA;F;0
little;15;5;G;AE;f;L2;AE;NA;F;1
leather;15;5;G;AE;f;L2;AE;NA;F;1
purse;15;5;G;AE;f;L2;AE;NA;F;1
looks;15;5;G;AE;f;L2;AE;NA;F;1
happy;15;5;G;AE;f;L2;AE;NA;F;1
girl;16;6;G;AE;m;L2;AE;NA;F;1
paying;16;6;G;AE;m;L2;AE;NA;F;1
woman;16;6;G;AE;m;L2;AE;NA;F;1
checkout;16;6;G;AE;m;L2;AE;NA;F;1
guess;16;6;G;AE;m;L2;AE;NA;F;1
another;17;6;G;AE;m;L2;AE;NA;F;1
one;17;6;G;AE;m;L2;AE;NA;F;1
selling;17;6;G;AE;m;L2;AE;NA;F;1
sausages;17;6;G;AE;m;L2;AE;NA;F;1
ham;17;6;G;AE;m;L2;AE;NA;F;1
four;18;6;G;AE;m;L2;AE;NA;F;1
adults;18;6;G;AE;m;L2;AE;NA;F;0
working;18;6;G;AE;m;L2;AE;NA;F;1
supermarket;18;6;G;AE;m;L2;AE;NA;F;1
father;19;7;G;BE;f;L2;AE;NA;F;1
looks;19;7;G;BE;f;L2;AE;NA;F;1
son;19;7;G;BE;f;L2;AE;NA;F;1
watering;19;7;G;BE;f;L2;AE;NA;F;1
plants;19;7;G;BE;f;L2;AE;NA;F;1
think;20;7;G;BE;f;L2;AE;NA;F;1
are;20;7;G;BE;f;L2;AE;NA;F;0
flowers;20;7;G;BE;f;L2;AE;NA;F;1
onions;20;7;G;BE;f;L2;AE;NA;F;1
something;20;7;G;BE;f;L2;AE;NA;F;1
thick;20;7;G;BE;f;L2;AE;NA;F;1
root;20;7;G;BE;f;L2;AE;NA;F;1
dog;21;7;G;BE;f;L2;AE;NA;F;1
seems;21;7;G;BE;f;L2;AE;NA;F;1
interested;21;7;G;BE;f;L2;AE;NA;F;1
snail;21;7;G;BE;f;L2;AE;NA;F;1
baby;22;8;G;BE;m;L2;AE;NA;F;1
trying;22;8;G;BE;m;L2;AE;NA;F;1
feed;22;8;G;BE;m;L2;AE;NA;F;0
one;22;8;G;BE;m;L2;AE;NA;F;1
toys;22;8;G;BE;m;L2;AE;NA;F;1
is;23;8;G;BE;m;L2;AE;NA;F;1
window;23;8;G;BE;m;L2;AE;NA;F;1
butterfly;23;8;G;BE;m;L2;AE;NA;F;1
front;23;8;G;BE;m;L2;AE;NA;F;1
see;24;8;G;BE;m;L2;AE;NA;F;1
kitchenmachineries;24;8;G;BE;m;L2;AE;NA;F;1
lying;24;8;G;BE;m;L2;AE;NA;F;1
one;25;9;G;None;f;L2;AE;NA;F;1
girls;25;9;G;None;f;L2;AE;NA;F;1
buying;25;9;G;None;f;L2;AE;NA;F;1
food;25;9;G;None;f;L2;AE;NA;F;1
dog;25;9;G;None;f;L2;AE;NA;F;1
see;26;9;G;None;f;L2;AE;NA;F;1
children;26;9;G;None;f;L2;AE;NA;F;1
have;26;9;G;None;f;L2;AE;NA;F;1
blond;26;9;G;None;f;L2;AE;NA;F;1
hair;26;9;G;None;f;L2;AE;NA;F;1
little;27;9;G;None;f;L2;AE;NA;F;1
boy;27;9;G;None;f;L2;AE;NA;F;1
standing;27;9;G;None;f;L2;AE;NA;F;1
front;27;9;G;None;f;L2;AE;NA;F;1
cucumbers;27;9;G;None;f;L2;AE;NA;F;1
mother;28;10;G;None;m;L2;AE;NA;F;1
standing;28;10;G;None;m;L2;AE;NA;F;1
front;28;10;G;None;m;L2;AE;NA;F;1
refridgerator;28;10;G;None;m;L2;AE;NA;F;1
looking;28;10;G;None;m;L2;AE;NA;F;1
butter;28;10;G;None;m;L2;AE;NA;F;1
dog;29;10;G;None;m;L2;AE;NA;F;0
is;29;10;G;None;m;L2;AE;NA;F;1
interested;29;10;G;None;m;L2;AE;NA;F;0
meat;29;10;G;None;m;L2;AE;NA;F;0
ground;30;10;G;None;m;L2;AE;NA;F;0
lying;30;10;G;None;m;L2;AE;NA;F;0
cookies;30;10;G;None;m;L2;AE;NA;F;1
vegetables;30;10;G;None;m;L2;AE;NA;F;1
planted;1;1;AE;NA;f;L3;AE;NA;M;1
vergetablegarden;1;1;AE;NA;f;L3;AE;NA;M;1
last;1;1;AE;NA;f;L3;AE;NA;M;1
summer;1;1;AE;NA;f;L3;AE;NA;M;1
is;2;1;AE;NA;f;L3;AE;NA;M;1
weekend;2;1;AE;NA;f;L3;AE;NA;M;1
whole;2;1;AE;NA;f;L3;AE;NA;M;1
family;2;1;AE;NA;f;L3;AE;NA;M;1
is;2;1;AE;NA;f;L3;AE;NA;M;1
outside;2;1;AE;NA;f;L3;AE;NA;M;1
have;3;1;AE;NA;f;L3;AE;NA;M;1
nice;3;1;AE;NA;f;L3;AE;NA;M;1
chair;3;1;AE;NA;f;L3;AE;NA;M;1
sit;3;1;AE;NA;f;L3;AE;NA;M;1
umbrella;3;1;AE;NA;f;L3;AE;NA;M;1
motherbird;4;2;AE;NA;m;L3;AE;NA;M;1
feeding;4;2;AE;NA;m;L3;AE;NA;M;1
smaller;4;2;AE;NA;m;L3;AE;NA;M;1
birds;4;2;AE;NA;m;L3;AE;NA;M;1
farmer;5;2;AE;NA;m;L3;AE;NA;M;1
helping;5;2;AE;NA;m;L3;AE;NA;M;1
tractor;5;2;AE;NA;m;L3;AE;NA;M;1
examining;5;2;AE;NA;m;L3;AE;NA;M;1
dog;6;2;AE;NA;m;L3;AE;NA;M;1
is;6;2;AE;NA;m;L3;AE;NA;M;1
chained;6;2;AE;NA;m;L3;AE;NA;M;0
bone;6;2;AE;NA;m;L3;AE;NA;M;0
is;6;2;AE;NA;m;L3;AE;NA;M;0
happy;6;2;AE;NA;m;L3;AE;NA;M;0
is;7;3;BE;NA;f;L3;AE;NA;M;0
interested;7;3;BE;NA;f;L3;AE;NA;M;1
rabbits;7;3;BE;NA;f;L3;AE;NA;M;0
sitting;7;3;BE;NA;f;L3;AE;NA;M;0
farmyard;7;3;BE;NA;f;L3;AE;NA;M;1
seems;8;3;BE;NA;f;L3;AE;NA;M;1
emancipated;8;3;BE;NA;f;L3;AE;NA;M;1
lady;8;3;BE;NA;f;L3;AE;NA;M;1
driving;8;3;BE;NA;f;L3;AE;NA;M;1
tractor;8;3;BE;NA;f;L3;AE;NA;M;1
kitten;9;3;BE;NA;f;L3;AE;NA;M;1
having;9;3;BE;NA;f;L3;AE;NA;M;1
bowl;9;3;BE;NA;f;L3;AE;NA;M;1
milk;9;3;BE;NA;f;L3;AE;NA;M;1
is;10;4;BE;NA;m;L3;AE;NA;M;1
teddybear;10;4;BE;NA;m;L3;AE;NA;M;1
lying;10;4;BE;NA;m;L3;AE;NA;M;1
middle;10;4;BE;NA;m;L3;AE;NA;M;1
road;10;4;BE;NA;m;L3;AE;NA;M;1
is;11;4;BE;NA;m;L3;AE;NA;M;1
man;11;4;BE;NA;m;L3;AE;NA;M;1
walking;11;4;BE;NA;m;L3;AE;NA;M;1
dog;11;4;BE;NA;m;L3;AE;NA;M;1
talking;11;4;BE;NA;m;L3;AE;NA;M;1
phone;11;4;BE;NA;m;L3;AE;NA;M;1
is;12;4;BE;NA;m;L3;AE;NA;M;1
little;12;4;BE;NA;m;L3;AE;NA;M;0
boy;12;4;BE;NA;m;L3;AE;NA;M;1
eating;12;4;BE;NA;m;L3;AE;NA;M;1
icecream;12;4;BE;NA;m;L3;AE;NA;M;1
is;13;5;G;AE;f;L3;AE;NA;M;1
guy;13;5;G;AE;f;L3;AE;NA;M;1
reading;13;5;G;AE;f;L3;AE;NA;M;1
newspaper;13;5;G;AE;f;L3;AE;NA;M;1
is;14;5;G;AE;f;L3;AE;NA;M;1
cab;14;5;G;AE;f;L3;AE;NA;M;0
seems;14;5;G;AE;f;L3;AE;NA;M;1
gotton;14;5;G;AE;f;L3;AE;NA;M;1
accident;14;5;G;AE;f;L3;AE;NA;M;1
holds;15;5;G;AE;f;L3;AE;NA;M;0
little;15;5;G;AE;f;L3;AE;NA;M;1
leather;15;5;G;AE;f;L3;AE;NA;M;1
purse;15;5;G;AE;f;L3;AE;NA;M;1
looks;15;5;G;AE;f;L3;AE;NA;M;1
happy;15;5;G;AE;f;L3;AE;NA;M;1
girl;16;6;G;AE;m;L3;AE;NA;M;1
paying;16;6;G;AE;m;L3;AE;NA;M;0
woman;16;6;G;AE;m;L3;AE;NA;M;1
checkout;16;6;G;AE;m;L3;AE;NA;M;1
guess;16;6;G;AE;m;L3;AE;NA;M;1
another;17;6;G;AE;m;L3;AE;NA;M;0
one;17;6;G;AE;m;L3;AE;NA;M;1
selling;17;6;G;AE;m;L3;AE;NA;M;1
sausages;17;6;G;AE;m;L3;AE;NA;M;1
ham;17;6;G;AE;m;L3;AE;NA;M;1
four;18;6;G;AE;m;L3;AE;NA;M;1
adults;18;6;G;AE;m;L3;AE;NA;M;0
working;18;6;G;AE;m;L3;AE;NA;M;1
supermarket;18;6;G;AE;m;L3;AE;NA;M;1
father;19;7;G;BE;f;L3;AE;NA;M;1
looks;19;7;G;BE;f;L3;AE;NA;M;1
son;19;7;G;BE;f;L3;AE;NA;M;1
watering;19;7;G;BE;f;L3;AE;NA;M;1
plants;19;7;G;BE;f;L3;AE;NA;M;1
think;20;7;G;BE;f;L3;AE;NA;M;1
are;20;7;G;BE;f;L3;AE;NA;M;1
flowers;20;7;G;BE;f;L3;AE;NA;M;1
onions;20;7;G;BE;f;L3;AE;NA;M;1
something;20;7;G;BE;f;L3;AE;NA;M;1
thick;20;7;G;BE;f;L3;AE;NA;M;1
root;20;7;G;BE;f;L3;AE;NA;M;1
dog;21;7;G;BE;f;L3;AE;NA;M;1
seems;21;7;G;BE;f;L3;AE;NA;M;1
interested;21;7;G;BE;f;L3;AE;NA;M;1
snail;21;7;G;BE;f;L3;AE;NA;M;0
baby;22;8;G;BE;m;L3;AE;NA;M;0
trying;22;8;G;BE;m;L3;AE;NA;M;0
feed;22;8;G;BE;m;L3;AE;NA;M;0
one;22;8;G;BE;m;L3;AE;NA;M;1
toys;22;8;G;BE;m;L3;AE;NA;M;1
is;23;8;G;BE;m;L3;AE;NA;M;0
window;23;8;G;BE;m;L3;AE;NA;M;0
butterfly;23;8;G;BE;m;L3;AE;NA;M;1
front;23;8;G;BE;m;L3;AE;NA;M;0
see;24;8;G;BE;m;L3;AE;NA;M;1
kitchenmachineries;24;8;G;BE;m;L3;AE;NA;M;1
lying;24;8;G;BE;m;L3;AE;NA;M;0
one;25;9;G;None;f;L3;AE;NA;M;1
girls;25;9;G;None;f;L3;AE;NA;M;1
buying;25;9;G;None;f;L3;AE;NA;M;1
food;25;9;G;None;f;L3;AE;NA;M;1
dog;25;9;G;None;f;L3;AE;NA;M;1
see;26;9;G;None;f;L3;AE;NA;M;1
children;26;9;G;None;f;L3;AE;NA;M;1
have;26;9;G;None;f;L3;AE;NA;M;1
blond;26;9;G;None;f;L3;AE;NA;M;1
hair;26;9;G;None;f;L3;AE;NA;M;1
little;27;9;G;None;f;L3;AE;NA;M;1
boy;27;9;G;None;f;L3;AE;NA;M;1
standing;27;9;G;None;f;L3;AE;NA;M;1
front;27;9;G;None;f;L3;AE;NA;M;1
cucumbers;27;9;G;None;f;L3;AE;NA;M;1
mother;28;10;G;None;m;L3;AE;NA;M;1
standing;28;10;G;None;m;L3;AE;NA;M;1
front;28;10;G;None;m;L3;AE;NA;M;1
refridgerator;28;10;G;None;m;L3;AE;NA;M;1
looking;28;10;G;None;m;L3;AE;NA;M;1
butter;28;10;G;None;m;L3;AE;NA;M;1
dog;29;10;G;None;m;L3;AE;NA;M;1
is;29;10;G;None;m;L3;AE;NA;M;1
interested;29;10;G;None;m;L3;AE;NA;M;1
meat;29;10;G;None;m;L3;AE;NA;M;1
ground;30;10;G;None;m;L3;AE;NA;M;0
lying;30;10;G;None;m;L3;AE;NA;M;0
cookies;30;10;G;None;m;L3;AE;NA;M;1
vegetables;30;10;G;None;m;L3;AE;NA;M;0
planted;1;1;AE;NA;f;L4;AE;NA;F;1
vergetablegarden;1;1;AE;NA;f;L4;AE;NA;F;1
last;1;1;AE;NA;f;L4;AE;NA;F;1
summer;1;1;AE;NA;f;L4;AE;NA;F;1
is;2;1;AE;NA;f;L4;AE;NA;F;1
weekend;2;1;AE;NA;f;L4;AE;NA;F;1
whole;2;1;AE;NA;f;L4;AE;NA;F;1
family;2;1;AE;NA;f;L4;AE;NA;F;1
is;2;1;AE;NA;f;L4;AE;NA;F;1
outside;2;1;AE;NA;f;L4;AE;NA;F;1
have;3;1;AE;NA;f;L4;AE;NA;F;1
nice;3;1;AE;NA;f;L4;AE;NA;F;1
chair;3;1;AE;NA;f;L4;AE;NA;F;1
sit;3;1;AE;NA;f;L4;AE;NA;F;1
umbrella;3;1;AE;NA;f;L4;AE;NA;F;1
motherbird;4;2;AE;NA;m;L4;AE;NA;F;1
feeding;4;2;AE;NA;m;L4;AE;NA;F;1
smaller;4;2;AE;NA;m;L4;AE;NA;F;1
birds;4;2;AE;NA;m;L4;AE;NA;F;1
farmer;5;2;AE;NA;m;L4;AE;NA;F;1
helping;5;2;AE;NA;m;L4;AE;NA;F;1
tractor;5;2;AE;NA;m;L4;AE;NA;F;1
examining;5;2;AE;NA;m;L4;AE;NA;F;1
dog;6;2;AE;NA;m;L4;AE;NA;F;1
is;6;2;AE;NA;m;L4;AE;NA;F;1
chained;6;2;AE;NA;m;L4;AE;NA;F;1
bone;6;2;AE;NA;m;L4;AE;NA;F;1
is;6;2;AE;NA;m;L4;AE;NA;F;1
happy;6;2;AE;NA;m;L4;AE;NA;F;1
is;7;3;BE;NA;f;L4;AE;NA;F;1
interested;7;3;BE;NA;f;L4;AE;NA;F;1
rabbits;7;3;BE;NA;f;L4;AE;NA;F;1
sitting;7;3;BE;NA;f;L4;AE;NA;F;1
farmyard;7;3;BE;NA;f;L4;AE;NA;F;1
seems;8;3;BE;NA;f;L4;AE;NA;F;1
emancipated;8;3;BE;NA;f;L4;AE;NA;F;1
lady;8;3;BE;NA;f;L4;AE;NA;F;1
driving;8;3;BE;NA;f;L4;AE;NA;F;1
tractor;8;3;BE;NA;f;L4;AE;NA;F;1
kitten;9;3;BE;NA;f;L4;AE;NA;F;1
having;9;3;BE;NA;f;L4;AE;NA;F;1
bowl;9;3;BE;NA;f;L4;AE;NA;F;1
milk;9;3;BE;NA;f;L4;AE;NA;F;1
is;10;4;BE;NA;m;L4;AE;NA;F;1
teddybear;10;4;BE;NA;m;L4;AE;NA;F;1
lying;10;4;BE;NA;m;L4;AE;NA;F;1
middle;10;4;BE;NA;m;L4;AE;NA;F;1
road;10;4;BE;NA;m;L4;AE;NA;F;1
is;11;4;BE;NA;m;L4;AE;NA;F;1
man;11;4;BE;NA;m;L4;AE;NA;F;1
walking;11;4;BE;NA;m;L4;AE;NA;F;1
dog;11;4;BE;NA;m;L4;AE;NA;F;1
talking;11;4;BE;NA;m;L4;AE;NA;F;1
phone;11;4;BE;NA;m;L4;AE;NA;F;1
is;12;4;BE;NA;m;L4;AE;NA;F;1
little;12;4;BE;NA;m;L4;AE;NA;F;1
boy;12;4;BE;NA;m;L4;AE;NA;F;1
eating;12;4;BE;NA;m;L4;AE;NA;F;1
icecream;12;4;BE;NA;m;L4;AE;NA;F;1
is;13;5;G;AE;f;L4;AE;NA;F;1
guy;13;5;G;AE;f;L4;AE;NA;F;1
reading;13;5;G;AE;f;L4;AE;NA;F;1
newspaper;13;5;G;AE;f;L4;AE;NA;F;1
is;14;5;G;AE;f;L4;AE;NA;F;1
cab;14;5;G;AE;f;L4;AE;NA;F;1
seems;14;5;G;AE;f;L4;AE;NA;F;1
gotton;14;5;G;AE;f;L4;AE;NA;F;1
accident;14;5;G;AE;f;L4;AE;NA;F;1
holds;15;5;G;AE;f;L4;AE;NA;F;0
little;15;5;G;AE;f;L4;AE;NA;F;1
leather;15;5;G;AE;f;L4;AE;NA;F;1
purse;15;5;G;AE;f;L4;AE;NA;F;1
looks;15;5;G;AE;f;L4;AE;NA;F;1
happy;15;5;G;AE;f;L4;AE;NA;F;1
girl;16;6;G;AE;m;L4;AE;NA;F;1
paying;16;6;G;AE;m;L4;AE;NA;F;1
woman;16;6;G;AE;m;L4;AE;NA;F;1
checkout;16;6;G;AE;m;L4;AE;NA;F;1
guess;16;6;G;AE;m;L4;AE;NA;F;1
another;17;6;G;AE;m;L4;AE;NA;F;0
one;17;6;G;AE;m;L4;AE;NA;F;1
selling;17;6;G;AE;m;L4;AE;NA;F;1
sausages;17;6;G;AE;m;L4;AE;NA;F;1
ham;17;6;G;AE;m;L4;AE;NA;F;1
four;18;6;G;AE;m;L4;AE;NA;F;1
adults;18;6;G;AE;m;L4;AE;NA;F;0
working;18;6;G;AE;m;L4;AE;NA;F;1
supermarket;18;6;G;AE;m;L4;AE;NA;F;1
father;19;7;G;BE;f;L4;AE;NA;F;1
looks;19;7;G;BE;f;L4;AE;NA;F;1
son;19;7;G;BE;f;L4;AE;NA;F;1
watering;19;7;G;BE;f;L4;AE;NA;F;1
plants;19;7;G;BE;f;L4;AE;NA;F;1
think;20;7;G;BE;f;L4;AE;NA;F;1
are;20;7;G;BE;f;L4;AE;NA;F;1
flowers;20;7;G;BE;f;L4;AE;NA;F;1
onions;20;7;G;BE;f;L4;AE;NA;F;1
something;20;7;G;BE;f;L4;AE;NA;F;1
thick;20;7;G;BE;f;L4;AE;NA;F;1
root;20;7;G;BE;f;L4;AE;NA;F;1
dog;21;7;G;BE;f;L4;AE;NA;F;1
seems;21;7;G;BE;f;L4;AE;NA;F;1
interested;21;7;G;BE;f;L4;AE;NA;F;1
snail;21;7;G;BE;f;L4;AE;NA;F;1
baby;22;8;G;BE;m;L4;AE;NA;F;1
trying;22;8;G;BE;m;L4;AE;NA;F;1
feed;22;8;G;BE;m;L4;AE;NA;F;0
one;22;8;G;BE;m;L4;AE;NA;F;1
toys;22;8;G;BE;m;L4;AE;NA;F;1
is;23;8;G;BE;m;L4;AE;NA;F;1
window;23;8;G;BE;m;L4;AE;NA;F;1
butterfly;23;8;G;BE;m;L4;AE;NA;F;1
front;23;8;G;BE;m;L4;AE;NA;F;1
see;24;8;G;BE;m;L4;AE;NA;F;1
kitchenmachineries;24;8;G;BE;m;L4;AE;NA;F;1
lying;24;8;G;BE;m;L4;AE;NA;F;1
one;25;9;G;None;f;L4;AE;NA;F;1
girls;25;9;G;None;f;L4;AE;NA;F;1
buying;25;9;G;None;f;L4;AE;NA;F;1
food;25;9;G;None;f;L4;AE;NA;F;1
dog;25;9;G;None;f;L4;AE;NA;F;1
see;26;9;G;None;f;L4;AE;NA;F;1
children;26;9;G;None;f;L4;AE;NA;F;1
have;26;9;G;None;f;L4;AE;NA;F;1
blond;26;9;G;None;f;L4;AE;NA;F;1
hair;26;9;G;None;f;L4;AE;NA;F;1
little;27;9;G;None;f;L4;AE;NA;F;1
boy;27;9;G;None;f;L4;AE;NA;F;1
standing;27;9;G;None;f;L4;AE;NA;F;1
front;27;9;G;None;f;L4;AE;NA;F;1
cucumbers;27;9;G;None;f;L4;AE;NA;F;1
mother;28;10;G;None;m;L4;AE;NA;F;1
standing;28;10;G;None;m;L4;AE;NA;F;1
front;28;10;G;None;m;L4;AE;NA;F;1
refridgerator;28;10;G;None;m;L4;AE;NA;F;1
looking;28;10;G;None;m;L4;AE;NA;F;1
butter;28;10;G;None;m;L4;AE;NA;F;1
dog;29;10;G;None;m;L4;AE;NA;F;1
is;29;10;G;None;m;L4;AE;NA;F;1
interested;29;10;G;None;m;L4;AE;NA;F;1
meat;29;10;G;None;m;L4;AE;NA;F;1
ground;30;10;G;None;m;L4;AE;NA;F;1
lying;30;10;G;None;m;L4;AE;NA;F;1
cookies;30;10;G;None;m;L4;AE;NA;F;1
vegetables;30;10;G;None;m;L4;AE;NA;F;1
planted;1;1;AE;NA;f;L5;BE;NA;F;1
vergetablegarden;1;1;AE;NA;f;L5;BE;NA;F;1
last;1;1;AE;NA;f;L5;BE;NA;F;1
summer;1;1;AE;NA;f;L5;BE;NA;F;1
is;2;1;AE;NA;f;L5;BE;NA;F;1
weekend;2;1;AE;NA;f;L5;BE;NA;F;1
whole;2;1;AE;NA;f;L5;BE;NA;F;1
family;2;1;AE;NA;f;L5;BE;NA;F;1
is;2;1;AE;NA;f;L5;BE;NA;F;1
outside;2;1;AE;NA;f;L5;BE;NA;F;1
have;3;1;AE;NA;f;L5;BE;NA;F;1
nice;3;1;AE;NA;f;L5;BE;NA;F;1
chair;3;1;AE;NA;f;L5;BE;NA;F;1
sit;3;1;AE;NA;f;L5;BE;NA;F;1
umbrella;3;1;AE;NA;f;L5;BE;NA;F;1
motherbird;4;2;AE;NA;m;L5;BE;NA;F;1
feeding;4;2;AE;NA;m;L5;BE;NA;F;0
smaller;4;2;AE;NA;m;L5;BE;NA;F;0
birds;4;2;AE;NA;m;L5;BE;NA;F;1
farmer;5;2;AE;NA;m;L5;BE;NA;F;
helping;5;2;AE;NA;m;L5;BE;NA;F;1
tractor;5;2;AE;NA;m;L5;BE;NA;F;1
examining;5;2;AE;NA;m;L5;BE;NA;F;0
dog;6;2;AE;NA;m;L5;BE;NA;F;1
is;6;2;AE;NA;m;L5;BE;NA;F;1
chained;6;2;AE;NA;m;L5;BE;NA;F;1
bone;6;2;AE;NA;m;L5;BE;NA;F;0
is;6;2;AE;NA;m;L5;BE;NA;F;1
happy;6;2;AE;NA;m;L5;BE;NA;F;1
is;7;3;BE;NA;f;L5;BE;NA;F;1
interested;7;3;BE;NA;f;L5;BE;NA;F;1
rabbits;7;3;BE;NA;f;L5;BE;NA;F;1
sitting;7;3;BE;NA;f;L5;BE;NA;F;1
farmyard;7;3;BE;NA;f;L5;BE;NA;F;1
seems;8;3;BE;NA;f;L5;BE;NA;F;1
emancipated;8;3;BE;NA;f;L5;BE;NA;F;1
lady;8;3;BE;NA;f;L5;BE;NA;F;1
driving;8;3;BE;NA;f;L5;BE;NA;F;1
tractor;8;3;BE;NA;f;L5;BE;NA;F;1
kitten;9;3;BE;NA;f;L5;BE;NA;F;1
having;9;3;BE;NA;f;L5;BE;NA;F;1
bowl;9;3;BE;NA;f;L5;BE;NA;F;1
milk;9;3;BE;NA;f;L5;BE;NA;F;1
is;10;4;BE;NA;m;L5;BE;NA;F;1
teddybear;10;4;BE;NA;m;L5;BE;NA;F;1
lying;10;4;BE;NA;m;L5;BE;NA;F;1
middle;10;4;BE;NA;m;L5;BE;NA;F;1
road;10;4;BE;NA;m;L5;BE;NA;F;1
is;11;4;BE;NA;m;L5;BE;NA;F;1
man;11;4;BE;NA;m;L5;BE;NA;F;1
walking;11;4;BE;NA;m;L5;BE;NA;F;1
dog;11;4;BE;NA;m;L5;BE;NA;F;1
talking;11;4;BE;NA;m;L5;BE;NA;F;1
phone;11;4;BE;NA;m;L5;BE;NA;F;1
is;12;4;BE;NA;m;L5;BE;NA;F;1
little;12;4;BE;NA;m;L5;BE;NA;F;0
boy;12;4;BE;NA;m;L5;BE;NA;F;1
eating;12;4;BE;NA;m;L5;BE;NA;F;1
icecream;12;4;BE;NA;m;L5;BE;NA;F;1
is;13;5;G;AE;f;L5;BE;NA;F;1
guy;13;5;G;AE;f;L5;BE;NA;F;1
reading;13;5;G;AE;f;L5;BE;NA;F;1
newspaper;13;5;G;AE;f;L5;BE;NA;F;1
is;14;5;G;AE;f;L5;BE;NA;F;1
cab;14;5;G;AE;f;L5;BE;NA;F;1
seems;14;5;G;AE;f;L5;BE;NA;F;1
gotton;14;5;G;AE;f;L5;BE;NA;F;1
accident;14;5;G;AE;f;L5;BE;NA;F;1
holds;15;5;G;AE;f;L5;BE;NA;F;0
little;15;5;G;AE;f;L5;BE;NA;F;0
leather;15;5;G;AE;f;L5;BE;NA;F;1
purse;15;5;G;AE;f;L5;BE;NA;F;1
looks;15;5;G;AE;f;L5;BE;NA;F;0
happy;15;5;G;AE;f;L5;BE;NA;F;1
girl;16;6;G;AE;m;L5;BE;NA;F;1
paying;16;6;G;AE;m;L5;BE;NA;F;1
woman;16;6;G;AE;m;L5;BE;NA;F;1
checkout;16;6;G;AE;m;L5;BE;NA;F;1
guess;16;6;G;AE;m;L5;BE;NA;F;1
another;17;6;G;AE;m;L5;BE;NA;F;1
one;17;6;G;AE;m;L5;BE;NA;F;1
selling;17;6;G;AE;m;L5;BE;NA;F;1
sausages;17;6;G;AE;m;L5;BE;NA;F;1
ham;17;6;G;AE;m;L5;BE;NA;F;1
four;18;6;G;AE;m;L5;BE;NA;F;1
adults;18;6;G;AE;m;L5;BE;NA;F;0
working;18;6;G;AE;m;L5;BE;NA;F;1
supermarket;18;6;G;AE;m;L5;BE;NA;F;1
father;19;7;G;BE;f;L5;BE;NA;F;1
looks;19;7;G;BE;f;L5;BE;NA;F;0
son;19;7;G;BE;f;L5;BE;NA;F;1
watering;19;7;G;BE;f;L5;BE;NA;F;1
plants;19;7;G;BE;f;L5;BE;NA;F;1
think;20;7;G;BE;f;L5;BE;NA;F;1
are;20;7;G;BE;f;L5;BE;NA;F;1
flowers;20;7;G;BE;f;L5;BE;NA;F;1
onions;20;7;G;BE;f;L5;BE;NA;F;1
something;20;7;G;BE;f;L5;BE;NA;F;1
thick;20;7;G;BE;f;L5;BE;NA;F;1
root;20;7;G;BE;f;L5;BE;NA;F;1
dog;21;7;G;BE;f;L5;BE;NA;F;1
seems;21;7;G;BE;f;L5;BE;NA;F;1
interested;21;7;G;BE;f;L5;BE;NA;F;1
snail;21;7;G;BE;f;L5;BE;NA;F;1
baby;22;8;G;BE;m;L5;BE;NA;F;1
trying;22;8;G;BE;m;L5;BE;NA;F;1
feed;22;8;G;BE;m;L5;BE;NA;F;1
one;22;8;G;BE;m;L5;BE;NA;F;1
toys;22;8;G;BE;m;L5;BE;NA;F;0
is;23;8;G;BE;m;L5;BE;NA;F;0
window;23;8;G;BE;m;L5;BE;NA;F;0
butterfly;23;8;G;BE;m;L5;BE;NA;F;1
front;23;8;G;BE;m;L5;BE;NA;F;1
see;24;8;G;BE;m;L5;BE;NA;F;1
kitchenmachineries;24;8;G;BE;m;L5;BE;NA;F;1
lying;24;8;G;BE;m;L5;BE;NA;F;1
one;25;9;G;None;f;L5;BE;NA;F;1
girls;25;9;G;None;f;L5;BE;NA;F;1
buying;25;9;G;None;f;L5;BE;NA;F;1
food;25;9;G;None;f;L5;BE;NA;F;1
dog;25;9;G;None;f;L5;BE;NA;F;1
see;26;9;G;None;f;L5;BE;NA;F;1
children;26;9;G;None;f;L5;BE;NA;F;1
have;26;9;G;None;f;L5;BE;NA;F;1
blond;26;9;G;None;f;L5;BE;NA;F;1
hair;26;9;G;None;f;L5;BE;NA;F;1
little;27;9;G;None;f;L5;BE;NA;F;1
boy;27;9;G;None;f;L5;BE;NA;F;1
standing;27;9;G;None;f;L5;BE;NA;F;0
front;27;9;G;None;f;L5;BE;NA;F;1
cucumbers;27;9;G;None;f;L5;BE;NA;F;1
mother;28;10;G;None;m;L5;BE;NA;F;0
standing;28;10;G;None;m;L5;BE;NA;F;1
front;28;10;G;None;m;L5;BE;NA;F;1
refridgerator;28;10;G;None;m;L5;BE;NA;F;1
looking;28;10;G;None;m;L5;BE;NA;F;1
butter;28;10;G;None;m;L5;BE;NA;F;1
dog;29;10;G;None;m;L5;BE;NA;F;1
is;29;10;G;None;m;L5;BE;NA;F;1
interested;29;10;G;None;m;L5;BE;NA;F;1
meat;29;10;G;None;m;L5;BE;NA;F;1
ground;30;10;G;None;m;L5;BE;NA;F;0
lying;30;10;G;None;m;L5;BE;NA;F;0
cookies;30;10;G;None;m;L5;BE;NA;F;1
vegetables;30;10;G;None;m;L5;BE;NA;F;1
planted;1;1;AE;NA;f;L6;BE;NA;F;1
vergetablegarden;1;1;AE;NA;f;L6;BE;NA;F;1
last;1;1;AE;NA;f;L6;BE;NA;F;1
summer;1;1;AE;NA;f;L6;BE;NA;F;1
is;2;1;AE;NA;f;L6;BE;NA;F;1
weekend;2;1;AE;NA;f;L6;BE;NA;F;1
whole;2;1;AE;NA;f;L6;BE;NA;F;1
family;2;1;AE;NA;f;L6;BE;NA;F;1
is;2;1;AE;NA;f;L6;BE;NA;F;1
outside;2;1;AE;NA;f;L6;BE;NA;F;1
have;3;1;AE;NA;f;L6;BE;NA;F;1
nice;3;1;AE;NA;f;L6;BE;NA;F;1
chair;3;1;AE;NA;f;L6;BE;NA;F;1
sit;3;1;AE;NA;f;L6;BE;NA;F;1
umbrella;3;1;AE;NA;f;L6;BE;NA;F;1
motherbird;4;2;AE;NA;m;L6;BE;NA;F;1
feeding;4;2;AE;NA;m;L6;BE;NA;F;0
smaller;4;2;AE;NA;m;L6;BE;NA;F;0
birds;4;2;AE;NA;m;L6;BE;NA;F;1
farmer;5;2;AE;NA;m;L6;BE;NA;F;1
helping;5;2;AE;NA;m;L6;BE;NA;F;1
tractor;5;2;AE;NA;m;L6;BE;NA;F;1
examining;5;2;AE;NA;m;L6;BE;NA;F;0
dog;6;2;AE;NA;m;L6;BE;NA;F;1
is;6;2;AE;NA;m;L6;BE;NA;F;1
chained;6;2;AE;NA;m;L6;BE;NA;F;1
bone;6;2;AE;NA;m;L6;BE;NA;F;0
is;6;2;AE;NA;m;L6;BE;NA;F;0
happy;6;2;AE;NA;m;L6;BE;NA;F;0
is;7;3;BE;NA;f;L6;BE;NA;F;0
interested;7;3;BE;NA;f;L6;BE;NA;F;1
rabbits;7;3;BE;NA;f;L6;BE;NA;F;1
sitting;7;3;BE;NA;f;L6;BE;NA;F;1
farmyard;7;3;BE;NA;f;L6;BE;NA;F;1
seems;8;3;BE;NA;f;L6;BE;NA;F;1
emancipated;8;3;BE;NA;f;L6;BE;NA;F;1
lady;8;3;BE;NA;f;L6;BE;NA;F;1
driving;8;3;BE;NA;f;L6;BE;NA;F;1
tractor;8;3;BE;NA;f;L6;BE;NA;F;1
kitten;9;3;BE;NA;f;L6;BE;NA;F;1
having;9;3;BE;NA;f;L6;BE;NA;F;1
bowl;9;3;BE;NA;f;L6;BE;NA;F;1
milk;9;3;BE;NA;f;L6;BE;NA;F;1
is;10;4;BE;NA;m;L6;BE;NA;F;1
teddybear;10;4;BE;NA;m;L6;BE;NA;F;1
lying;10;4;BE;NA;m;L6;BE;NA;F;1
middle;10;4;BE;NA;m;L6;BE;NA;F;1
road;10;4;BE;NA;m;L6;BE;NA;F;1
is;11;4;BE;NA;m;L6;BE;NA;F;1
man;11;4;BE;NA;m;L6;BE;NA;F;1
walking;11;4;BE;NA;m;L6;BE;NA;F;1
dog;11;4;BE;NA;m;L6;BE;NA;F;1
talking;11;4;BE;NA;m;L6;BE;NA;F;1
phone;11;4;BE;NA;m;L6;BE;NA;F;1
is;12;4;BE;NA;m;L6;BE;NA;F;1
little;12;4;BE;NA;m;L6;BE;NA;F;0
boy;12;4;BE;NA;m;L6;BE;NA;F;1
eating;12;4;BE;NA;m;L6;BE;NA;F;1
icecream;12;4;BE;NA;m;L6;BE;NA;F;1
is;13;5;G;AE;f;L6;BE;NA;F;1
guy;13;5;G;AE;f;L6;BE;NA;F;1
reading;13;5;G;AE;f;L6;BE;NA;F;1
newspaper;13;5;G;AE;f;L6;BE;NA;F;1
is;14;5;G;AE;f;L6;BE;NA;F;1
cab;14;5;G;AE;f;L6;BE;NA;F;0
seems;14;5;G;AE;f;L6;BE;NA;F;1
gotton;14;5;G;AE;f;L6;BE;NA;F;1
accident;14;5;G;AE;f;L6;BE;NA;F;1
holds;15;5;G;AE;f;L6;BE;NA;F;0
little;15;5;G;AE;f;L6;BE;NA;F;1
leather;15;5;G;AE;f;L6;BE;NA;F;1
purse;15;5;G;AE;f;L6;BE;NA;F;1
looks;15;5;G;AE;f;L6;BE;NA;F;1
happy;15;5;G;AE;f;L6;BE;NA;F;1
girl;16;6;G;AE;m;L6;BE;NA;F;1
paying;16;6;G;AE;m;L6;BE;NA;F;1
woman;16;6;G;AE;m;L6;BE;NA;F;1
checkout;16;6;G;AE;m;L6;BE;NA;F;1
guess;16;6;G;AE;m;L6;BE;NA;F;1
another;17;6;G;AE;m;L6;BE;NA;F;1
one;17;6;G;AE;m;L6;BE;NA;F;1
selling;17;6;G;AE;m;L6;BE;NA;F;1
sausages;17;6;G;AE;m;L6;BE;NA;F;1
ham;17;6;G;AE;m;L6;BE;NA;F;1
four;18;6;G;AE;m;L6;BE;NA;F;1
adults;18;6;G;AE;m;L6;BE;NA;F;1
working;18;6;G;AE;m;L6;BE;NA;F;1
supermarket;18;6;G;AE;m;L6;BE;NA;F;1
father;19;7;G;BE;f;L6;BE;NA;F;1
looks;19;7;G;BE;f;L6;BE;NA;F;1
son;19;7;G;BE;f;L6;BE;NA;F;1
watering;19;7;G;BE;f;L6;BE;NA;F;1
plants;19;7;G;BE;f;L6;BE;NA;F;1
think;20;7;G;BE;f;L6;BE;NA;F;1
are;20;7;G;BE;f;L6;BE;NA;F;0
flowers;20;7;G;BE;f;L6;BE;NA;F;1
onions;20;7;G;BE;f;L6;BE;NA;F;1
something;20;7;G;BE;f;L6;BE;NA;F;1
thick;20;7;G;BE;f;L6;BE;NA;F;1
root;20;7;G;BE;f;L6;BE;NA;F;1
dog;21;7;G;BE;f;L6;BE;NA;F;1
seems;21;7;G;BE;f;L6;BE;NA;F;1
interested;21;7;G;BE;f;L6;BE;NA;F;1
snail;21;7;G;BE;f;L6;BE;NA;F;1
baby;22;8;G;BE;m;L6;BE;NA;F;1
trying;22;8;G;BE;m;L6;BE;NA;F;1
feed;22;8;G;BE;m;L6;BE;NA;F;1
one;22;8;G;BE;m;L6;BE;NA;F;1
toys;22;8;G;BE;m;L6;BE;NA;F;1
is;23;8;G;BE;m;L6;BE;NA;F;1
window;23;8;G;BE;m;L6;BE;NA;F;1
butterfly;23;8;G;BE;m;L6;BE;NA;F;1
front;23;8;G;BE;m;L6;BE;NA;F;1
see;24;8;G;BE;m;L6;BE;NA;F;1
kitchenmachineries;24;8;G;BE;m;L6;BE;NA;F;1
lying;24;8;G;BE;m;L6;BE;NA;F;1
one;25;9;G;None;f;L6;BE;NA;F;1
girls;25;9;G;None;f;L6;BE;NA;F;1
buying;25;9;G;None;f;L6;BE;NA;F;1
food;25;9;G;None;f;L6;BE;NA;F;1
dog;25;9;G;None;f;L6;BE;NA;F;1
see;26;9;G;None;f;L6;BE;NA;F;1
children;26;9;G;None;f;L6;BE;NA;F;1
have;26;9;G;None;f;L6;BE;NA;F;1
blond;26;9;G;None;f;L6;BE;NA;F;1
hair;26;9;G;None;f;L6;BE;NA;F;1
little;27;9;G;None;f;L6;BE;NA;F;NA
boy;27;9;G;None;f;L6;BE;NA;F;NA
standing;27;9;G;None;f;L6;BE;NA;F;NA
front;27;9;G;None;f;L6;BE;NA;F;NA
cucumbers;27;9;G;None;f;L6;BE;NA;F;NA
mother;28;10;G;None;m;L6;BE;NA;F;1
standing;28;10;G;None;m;L6;BE;NA;F;1
front;28;10;G;None;m;L6;BE;NA;F;1
refridgerator;28;10;G;None;m;L6;BE;NA;F;1
looking;28;10;G;None;m;L6;BE;NA;F;1
butter;28;10;G;None;m;L6;BE;NA;F;1
dog;29;10;G;None;m;L6;BE;NA;F;0
is;29;10;G;None;m;L6;BE;NA;F;0
interested;29;10;G;None;m;L6;BE;NA;F;0
meat;29;10;G;None;m;L6;BE;NA;F;0
ground;30;10;G;None;m;L6;BE;NA;F;0
lying;30;10;G;None;m;L6;BE;NA;F;0
cookies;30;10;G;None;m;L6;BE;NA;F;1
vegetables;30;10;G;None;m;L6;BE;NA;F;1
planted;1;1;AE;NA;f;L7;BE;NA;M;1
vergetablegarden;1;1;AE;NA;f;L7;BE;NA;M;1
last;1;1;AE;NA;f;L7;BE;NA;M;1
summer;1;1;AE;NA;f;L7;BE;NA;M;1
is;2;1;AE;NA;f;L7;BE;NA;M;1
weekend;2;1;AE;NA;f;L7;BE;NA;M;1
whole;2;1;AE;NA;f;L7;BE;NA;M;1
family;2;1;AE;NA;f;L7;BE;NA;M;1
is;2;1;AE;NA;f;L7;BE;NA;M;1
outside;2;1;AE;NA;f;L7;BE;NA;M;1
have;3;1;AE;NA;f;L7;BE;NA;M;1
nice;3;1;AE;NA;f;L7;BE;NA;M;1
chair;3;1;AE;NA;f;L7;BE;NA;M;1
sit;3;1;AE;NA;f;L7;BE;NA;M;1
umbrella;3;1;AE;NA;f;L7;BE;NA;M;1
motherbird;4;2;AE;NA;m;L7;BE;NA;M;1
feeding;4;2;AE;NA;m;L7;BE;NA;M;1
smaller;4;2;AE;NA;m;L7;BE;NA;M;1
birds;4;2;AE;NA;m;L7;BE;NA;M;1
farmer;5;2;AE;NA;m;L7;BE;NA;M;1
helping;5;2;AE;NA;m;L7;BE;NA;M;1
tractor;5;2;AE;NA;m;L7;BE;NA;M;1
examining;5;2;AE;NA;m;L7;BE;NA;M;0
dog;6;2;AE;NA;m;L7;BE;NA;M;1
is;6;2;AE;NA;m;L7;BE;NA;M;1
chained;6;2;AE;NA;m;L7;BE;NA;M;1
bone;6;2;AE;NA;m;L7;BE;NA;M;0
is;6;2;AE;NA;m;L7;BE;NA;M;0
happy;6;2;AE;NA;m;L7;BE;NA;M;0
is;7;3;BE;NA;f;L7;BE;NA;M;1
interested;7;3;BE;NA;f;L7;BE;NA;M;1
rabbits;7;3;BE;NA;f;L7;BE;NA;M;1
sitting;7;3;BE;NA;f;L7;BE;NA;M;1
farmyard;7;3;BE;NA;f;L7;BE;NA;M;1
seems;8;3;BE;NA;f;L7;BE;NA;M;1
emancipated;8;3;BE;NA;f;L7;BE;NA;M;1
lady;8;3;BE;NA;f;L7;BE;NA;M;1
driving;8;3;BE;NA;f;L7;BE;NA;M;1
tractor;8;3;BE;NA;f;L7;BE;NA;M;1
kitten;9;3;BE;NA;f;L7;BE;NA;M;1
having;9;3;BE;NA;f;L7;BE;NA;M;1
bowl;9;3;BE;NA;f;L7;BE;NA;M;1
milk;9;3;BE;NA;f;L7;BE;NA;M;1
is;10;4;BE;NA;m;L7;BE;NA;M;1
teddybear;10;4;BE;NA;m;L7;BE;NA;M;1
lying;10;4;BE;NA;m;L7;BE;NA;M;1
middle;10;4;BE;NA;m;L7;BE;NA;M;1
road;10;4;BE;NA;m;L7;BE;NA;M;1
is;11;4;BE;NA;m;L7;BE;NA;M;1
man;11;4;BE;NA;m;L7;BE;NA;M;1
walking;11;4;BE;NA;m;L7;BE;NA;M;1
dog;11;4;BE;NA;m;L7;BE;NA;M;1
talking;11;4;BE;NA;m;L7;BE;NA;M;1
phone;11;4;BE;NA;m;L7;BE;NA;M;1
is;12;4;BE;NA;m;L7;BE;NA;M;1
little;12;4;BE;NA;m;L7;BE;NA;M;1
boy;12;4;BE;NA;m;L7;BE;NA;M;1
eating;12;4;BE;NA;m;L7;BE;NA;M;1
icecream;12;4;BE;NA;m;L7;BE;NA;M;1
is;13;5;G;AE;f;L7;BE;NA;M;1
guy;13;5;G;AE;f;L7;BE;NA;M;1
reading;13;5;G;AE;f;L7;BE;NA;M;1
newspaper;13;5;G;AE;f;L7;BE;NA;M;1
is;14;5;G;AE;f;L7;BE;NA;M;1
cab;14;5;G;AE;f;L7;BE;NA;M;0
seems;14;5;G;AE;f;L7;BE;NA;M;1
gotton;14;5;G;AE;f;L7;BE;NA;M;0
accident;14;5;G;AE;f;L7;BE;NA;M;1
holds;15;5;G;AE;f;L7;BE;NA;M;0
little;15;5;G;AE;f;L7;BE;NA;M;0
leather;15;5;G;AE;f;L7;BE;NA;M;1
purse;15;5;G;AE;f;L7;BE;NA;M;1
looks;15;5;G;AE;f;L7;BE;NA;M;1
happy;15;5;G;AE;f;L7;BE;NA;M;1
girl;16;6;G;AE;m;L7;BE;NA;M;1
paying;16;6;G;AE;m;L7;BE;NA;M;1
woman;16;6;G;AE;m;L7;BE;NA;M;1
checkout;16;6;G;AE;m;L7;BE;NA;M;1
guess;16;6;G;AE;m;L7;BE;NA;M;1
another;17;6;G;AE;m;L7;BE;NA;M;1
one;17;6;G;AE;m;L7;BE;NA;M;1
selling;17;6;G;AE;m;L7;BE;NA;M;1
sausages;17;6;G;AE;m;L7;BE;NA;M;1
ham;17;6;G;AE;m;L7;BE;NA;M;1
four;18;6;G;AE;m;L7;BE;NA;M;0
adults;18;6;G;AE;m;L7;BE;NA;M;0
working;18;6;G;AE;m;L7;BE;NA;M;1
supermarket;18;6;G;AE;m;L7;BE;NA;M;1
father;19;7;G;BE;f;L7;BE;NA;M;1
looks;19;7;G;BE;f;L7;BE;NA;M;1
son;19;7;G;BE;f;L7;BE;NA;M;0
watering;19;7;G;BE;f;L7;BE;NA;M;1
plants;19;7;G;BE;f;L7;BE;NA;M;1
think;20;7;G;BE;f;L7;BE;NA;M;1
are;20;7;G;BE;f;L7;BE;NA;M;0
flowers;20;7;G;BE;f;L7;BE;NA;M;1
onions;20;7;G;BE;f;L7;BE;NA;M;1
something;20;7;G;BE;f;L7;BE;NA;M;1
thick;20;7;G;BE;f;L7;BE;NA;M;1
root;20;7;G;BE;f;L7;BE;NA;M;1
dog;21;7;G;BE;f;L7;BE;NA;M;1
seems;21;7;G;BE;f;L7;BE;NA;M;1
interested;21;7;G;BE;f;L7;BE;NA;M;1
snail;21;7;G;BE;f;L7;BE;NA;M;1
baby;22;8;G;BE;m;L7;BE;NA;M;1
trying;22;8;G;BE;m;L7;BE;NA;M;1
feed;22;8;G;BE;m;L7;BE;NA;M;1
one;22;8;G;BE;m;L7;BE;NA;M;1
toys;22;8;G;BE;m;L7;BE;NA;M;1
is;23;8;G;BE;m;L7;BE;NA;M;0
window;23;8;G;BE;m;L7;BE;NA;M;1
butterfly;23;8;G;BE;m;L7;BE;NA;M;1
front;23;8;G;BE;m;L7;BE;NA;M;1
see;24;8;G;BE;m;L7;BE;NA;M;0
kitchenmachineries;24;8;G;BE;m;L7;BE;NA;M;0
lying;24;8;G;BE;m;L7;BE;NA;M;0
one;25;9;G;None;f;L7;BE;NA;M;1
girls;25;9;G;None;f;L7;BE;NA;M;1
buying;25;9;G;None;f;L7;BE;NA;M;1
food;25;9;G;None;f;L7;BE;NA;M;1
dog;25;9;G;None;f;L7;BE;NA;M;1
see;26;9;G;None;f;L7;BE;NA;M;1
children;26;9;G;None;f;L7;BE;NA;M;1
have;26;9;G;None;f;L7;BE;NA;M;1
blond;26;9;G;None;f;L7;BE;NA;M;1
hair;26;9;G;None;f;L7;BE;NA;M;1
little;27;9;G;None;f;L7;BE;NA;M;NA
boy;27;9;G;None;f;L7;BE;NA;M;NA
standing;27;9;G;None;f;L7;BE;NA;M;NA
front;27;9;G;None;f;L7;BE;NA;M;NA
cucumbers;27;9;G;None;f;L7;BE;NA;M;NA
mother;28;10;G;None;m;L7;BE;NA;M;1
standing;28;10;G;None;m;L7;BE;NA;M;1
front;28;10;G;None;m;L7;BE;NA;M;1
refridgerator;28;10;G;None;m;L7;BE;NA;M;1
looking;28;10;G;None;m;L7;BE;NA;M;1
butter;28;10;G;None;m;L7;BE;NA;M;1
dog;29;10;G;None;m;L7;BE;NA;M;1
is;29;10;G;None;m;L7;BE;NA;M;1
interested;29;10;G;None;m;L7;BE;NA;M;1
meat;29;10;G;None;m;L7;BE;NA;M;1
ground;30;10;G;None;m;L7;BE;NA;M;1
lying;30;10;G;None;m;L7;BE;NA;M;1
cookies;30;10;G;None;m;L7;BE;NA;M;1
vegetables;30;10;G;None;m;L7;BE;NA;M;1
planted;1;1;AE;NA;f;L8;BE;NA;M;1
vergetablegarden;1;1;AE;NA;f;L8;BE;NA;M;1
last;1;1;AE;NA;f;L8;BE;NA;M;1
summer;1;1;AE;NA;f;L8;BE;NA;M;1
is;2;1;AE;NA;f;L8;BE;NA;M;1
weekend;2;1;AE;NA;f;L8;BE;NA;M;1
whole;2;1;AE;NA;f;L8;BE;NA;M;1
family;2;1;AE;NA;f;L8;BE;NA;M;1
is;2;1;AE;NA;f;L8;BE;NA;M;1
outside;2;1;AE;NA;f;L8;BE;NA;M;1
have;3;1;AE;NA;f;L8;BE;NA;M;1
nice;3;1;AE;NA;f;L8;BE;NA;M;1
chair;3;1;AE;NA;f;L8;BE;NA;M;1
sit;3;1;AE;NA;f;L8;BE;NA;M;1
umbrella;3;1;AE;NA;f;L8;BE;NA;M;1
motherbird;4;2;AE;NA;m;L8;BE;NA;M;1
feeding;4;2;AE;NA;m;L8;BE;NA;M;1
smaller;4;2;AE;NA;m;L8;BE;NA;M;1
birds;4;2;AE;NA;m;L8;BE;NA;M;1
farmer;5;2;AE;NA;m;L8;BE;NA;M;1
helping;5;2;AE;NA;m;L8;BE;NA;M;1
tractor;5;2;AE;NA;m;L8;BE;NA;M;1
examining;5;2;AE;NA;m;L8;BE;NA;M;1
dog;6;2;AE;NA;m;L8;BE;NA;M;1
is;6;2;AE;NA;m;L8;BE;NA;M;1
chained;6;2;AE;NA;m;L8;BE;NA;M;0
bone;6;2;AE;NA;m;L8;BE;NA;M;1
is;6;2;AE;NA;m;L8;BE;NA;M;1
happy;6;2;AE;NA;m;L8;BE;NA;M;1
is;7;3;BE;NA;f;L8;BE;NA;M;0
interested;7;3;BE;NA;f;L8;BE;NA;M;0
rabbits;7;3;BE;NA;f;L8;BE;NA;M;1
sitting;7;3;BE;NA;f;L8;BE;NA;M;1
farmyard;7;3;BE;NA;f;L8;BE;NA;M;1
seems;8;3;BE;NA;f;L8;BE;NA;M;1
emancipated;8;3;BE;NA;f;L8;BE;NA;M;1
lady;8;3;BE;NA;f;L8;BE;NA;M;1
driving;8;3;BE;NA;f;L8;BE;NA;M;1
tractor;8;3;BE;NA;f;L8;BE;NA;M;1
kitten;9;3;BE;NA;f;L8;BE;NA;M;1
having;9;3;BE;NA;f;L8;BE;NA;M;1
bowl;9;3;BE;NA;f;L8;BE;NA;M;1
milk;9;3;BE;NA;f;L8;BE;NA;M;1
is;10;4;BE;NA;m;L8;BE;NA;M;1
teddybear;10;4;BE;NA;m;L8;BE;NA;M;1
lying;10;4;BE;NA;m;L8;BE;NA;M;1
middle;10;4;BE;NA;m;L8;BE;NA;M;1
road;10;4;BE;NA;m;L8;BE;NA;M;0
is;11;4;BE;NA;m;L8;BE;NA;M;1
man;11;4;BE;NA;m;L8;BE;NA;M;1
walking;11;4;BE;NA;m;L8;BE;NA;M;1
dog;11;4;BE;NA;m;L8;BE;NA;M;1
talking;11;4;BE;NA;m;L8;BE;NA;M;1
phone;11;4;BE;NA;m;L8;BE;NA;M;1
is;12;4;BE;NA;m;L8;BE;NA;M;1
little;12;4;BE;NA;m;L8;BE;NA;M;1
boy;12;4;BE;NA;m;L8;BE;NA;M;1
eating;12;4;BE;NA;m;L8;BE;NA;M;1
icecream;12;4;BE;NA;m;L8;BE;NA;M;1
is;13;5;G;AE;f;L8;BE;NA;M;1
guy;13;5;G;AE;f;L8;BE;NA;M;1
reading;13;5;G;AE;f;L8;BE;NA;M;1
newspaper;13;5;G;AE;f;L8;BE;NA;M;1
is;14;5;G;AE;f;L8;BE;NA;M;1
cab;14;5;G;AE;f;L8;BE;NA;M;0
seems;14;5;G;AE;f;L8;BE;NA;M;1
gotton;14;5;G;AE;f;L8;BE;NA;M;0
accident;14;5;G;AE;f;L8;BE;NA;M;1
holds;15;5;G;AE;f;L8;BE;NA;M;0
little;15;5;G;AE;f;L8;BE;NA;M;0
leather;15;5;G;AE;f;L8;BE;NA;M;1
purse;15;5;G;AE;f;L8;BE;NA;M;1
looks;15;5;G;AE;f;L8;BE;NA;M;0
happy;15;5;G;AE;f;L8;BE;NA;M;1
girl;16;6;G;AE;m;L8;BE;NA;M;0
paying;16;6;G;AE;m;L8;BE;NA;M;1
woman;16;6;G;AE;m;L8;BE;NA;M;1
checkout;16;6;G;AE;m;L8;BE;NA;M;1
guess;16;6;G;AE;m;L8;BE;NA;M;1
another;17;6;G;AE;m;L8;BE;NA;M;0
one;17;6;G;AE;m;L8;BE;NA;M;1
selling;17;6;G;AE;m;L8;BE;NA;M;1
sausages;17;6;G;AE;m;L8;BE;NA;M;1
ham;17;6;G;AE;m;L8;BE;NA;M;1
four;18;6;G;AE;m;L8;BE;NA;M;1
adults;18;6;G;AE;m;L8;BE;NA;M;1
working;18;6;G;AE;m;L8;BE;NA;M;1
supermarket;18;6;G;AE;m;L8;BE;NA;M;1
father;19;7;G;BE;f;L8;BE;NA;M;1
looks;19;7;G;BE;f;L8;BE;NA;M;0
son;19;7;G;BE;f;L8;BE;NA;M;1
watering;19;7;G;BE;f;L8;BE;NA;M;1
plants;19;7;G;BE;f;L8;BE;NA;M;1
think;20;7;G;BE;f;L8;BE;NA;M;1
are;20;7;G;BE;f;L8;BE;NA;M;0
flowers;20;7;G;BE;f;L8;BE;NA;M;1
onions;20;7;G;BE;f;L8;BE;NA;M;1
something;20;7;G;BE;f;L8;BE;NA;M;1
thick;20;7;G;BE;f;L8;BE;NA;M;1
root;20;7;G;BE;f;L8;BE;NA;M;1
dog;21;7;G;BE;f;L8;BE;NA;M;1
seems;21;7;G;BE;f;L8;BE;NA;M;1
interested;21;7;G;BE;f;L8;BE;NA;M;1
snail;21;7;G;BE;f;L8;BE;NA;M;1
baby;22;8;G;BE;m;L8;BE;NA;M;1
trying;22;8;G;BE;m;L8;BE;NA;M;1
feed;22;8;G;BE;m;L8;BE;NA;M;0
one;22;8;G;BE;m;L8;BE;NA;M;1
toys;22;8;G;BE;m;L8;BE;NA;M;1
is;23;8;G;BE;m;L8;BE;NA;M;0
window;23;8;G;BE;m;L8;BE;NA;M;0
butterfly;23;8;G;BE;m;L8;BE;NA;M;1
front;23;8;G;BE;m;L8;BE;NA;M;1
see;24;8;G;BE;m;L8;BE;NA;M;1
kitchenmachineries;24;8;G;BE;m;L8;BE;NA;M;1
lying;24;8;G;BE;m;L8;BE;NA;M;1
one;25;9;G;None;f;L8;BE;NA;M;1
girls;25;9;G;None;f;L8;BE;NA;M;1
buying;25;9;G;None;f;L8;BE;NA;M;1
food;25;9;G;None;f;L8;BE;NA;M;1
dog;25;9;G;None;f;L8;BE;NA;M;1
see;26;9;G;None;f;L8;BE;NA;M;1
children;26;9;G;None;f;L8;BE;NA;M;1
have;26;9;G;None;f;L8;BE;NA;M;1
blond;26;9;G;None;f;L8;BE;NA;M;1
hair;26;9;G;None;f;L8;BE;NA;M;1
little;27;9;G;None;f;L8;BE;NA;M;1
boy;27;9;G;None;f;L8;BE;NA;M;1
standing;27;9;G;None;f;L8;BE;NA;M;1
front;27;9;G;None;f;L8;BE;NA;M;1
cucumbers;27;9;G;None;f;L8;BE;NA;M;1
mother;28;10;G;None;m;L8;BE;NA;M;1
standing;28;10;G;None;m;L8;BE;NA;M;1
front;28;10;G;None;m;L8;BE;NA;M;1
refridgerator;28;10;G;None;m;L8;BE;NA;M;1
looking;28;10;G;None;m;L8;BE;NA;M;1
butter;28;10;G;None;m;L8;BE;NA;M;1
dog;29;10;G;None;m;L8;BE;NA;M;0
is;29;10;G;None;m;L8;BE;NA;M;0
interested;29;10;G;None;m;L8;BE;NA;M;0
meat;29;10;G;None;m;L8;BE;NA;M;0
ground;30;10;G;None;m;L8;BE;NA;M;0
lying;30;10;G;None;m;L8;BE;NA;M;0
cookies;30;10;G;None;m;L8;BE;NA;M;1
vegetables;30;10;G;None;m;L8;BE;NA;M;1
planted;1;1;AE;NA;f;L9;G;AE;F;0
vergetablegarden;1;1;AE;NA;f;L9;G;AE;F;1
last;1;1;AE;NA;f;L9;G;AE;F;1
summer;1;1;AE;NA;f;L9;G;AE;F;1
is;2;1;AE;NA;f;L9;G;AE;F;1
weekend;2;1;AE;NA;f;L9;G;AE;F;0
whole;2;1;AE;NA;f;L9;G;AE;F;1
family;2;1;AE;NA;f;L9;G;AE;F;1
is;2;1;AE;NA;f;L9;G;AE;F;1
outside;2;1;AE;NA;f;L9;G;AE;F;1
have;3;1;AE;NA;f;L9;G;AE;F;1
nice;3;1;AE;NA;f;L9;G;AE;F;1
chair;3;1;AE;NA;f;L9;G;AE;F;1
sit;3;1;AE;NA;f;L9;G;AE;F;1
umbrella;3;1;AE;NA;f;L9;G;AE;F;0
motherbird;4;2;AE;NA;m;L9;G;AE;F;1
feeding;4;2;AE;NA;m;L9;G;AE;F;1
smaller;4;2;AE;NA;m;L9;G;AE;F;1
birds;4;2;AE;NA;m;L9;G;AE;F;1
farmer;5;2;AE;NA;m;L9;G;AE;F;0
helping;5;2;AE;NA;m;L9;G;AE;F;1
tractor;5;2;AE;NA;m;L9;G;AE;F;1
examining;5;2;AE;NA;m;L9;G;AE;F;0
dog;6;2;AE;NA;m;L9;G;AE;F;1
is;6;2;AE;NA;m;L9;G;AE;F;0
chained;6;2;AE;NA;m;L9;G;AE;F;0
bone;6;2;AE;NA;m;L9;G;AE;F;0
is;6;2;AE;NA;m;L9;G;AE;F;0
happy;6;2;AE;NA;m;L9;G;AE;F;0
is;7;3;BE;NA;f;L9;G;AE;F;0
interested;7;3;BE;NA;f;L9;G;AE;F;0
rabbits;7;3;BE;NA;f;L9;G;AE;F;1
sitting;7;3;BE;NA;f;L9;G;AE;F;1
farmyard;7;3;BE;NA;f;L9;G;AE;F;1
seems;8;3;BE;NA;f;L9;G;AE;F;1
emancipated;8;3;BE;NA;f;L9;G;AE;F;1
lady;8;3;BE;NA;f;L9;G;AE;F;1
driving;8;3;BE;NA;f;L9;G;AE;F;1
tractor;8;3;BE;NA;f;L9;G;AE;F;1
kitten;9;3;BE;NA;f;L9;G;AE;F;1
having;9;3;BE;NA;f;L9;G;AE;F;1
bowl;9;3;BE;NA;f;L9;G;AE;F;1
milk;9;3;BE;NA;f;L9;G;AE;F;1
is;10;4;BE;NA;m;L9;G;AE;F;1
teddybear;10;4;BE;NA;m;L9;G;AE;F;1
lying;10;4;BE;NA;m;L9;G;AE;F;1
middle;10;4;BE;NA;m;L9;G;AE;F;1
road;10;4;BE;NA;m;L9;G;AE;F;1
is;11;4;BE;NA;m;L9;G;AE;F;1
man;11;4;BE;NA;m;L9;G;AE;F;1
walking;11;4;BE;NA;m;L9;G;AE;F;1
dog;11;4;BE;NA;m;L9;G;AE;F;1
talking;11;4;BE;NA;m;L9;G;AE;F;1
phone;11;4;BE;NA;m;L9;G;AE;F;0
is;12;4;BE;NA;m;L9;G;AE;F;1
little;12;4;BE;NA;m;L9;G;AE;F;1
boy;12;4;BE;NA;m;L9;G;AE;F;1
eating;12;4;BE;NA;m;L9;G;AE;F;1
icecream;12;4;BE;NA;m;L9;G;AE;F;1
is;13;5;G;AE;f;L9;G;AE;F;1
guy;13;5;G;AE;f;L9;G;AE;F;1
reading;13;5;G;AE;f;L9;G;AE;F;1
newspaper;13;5;G;AE;f;L9;G;AE;F;1
is;14;5;G;AE;f;L9;G;AE;F;1
cab;14;5;G;AE;f;L9;G;AE;F;0
seems;14;5;G;AE;f;L9;G;AE;F;1
gotton;14;5;G;AE;f;L9;G;AE;F;1
accident;14;5;G;AE;f;L9;G;AE;F;1
holds;15;5;G;AE;f;L9;G;AE;F;0
little;15;5;G;AE;f;L9;G;AE;F;0
leather;15;5;G;AE;f;L9;G;AE;F;0
purse;15;5;G;AE;f;L9;G;AE;F;0
looks;15;5;G;AE;f;L9;G;AE;F;0
happy;15;5;G;AE;f;L9;G;AE;F;1
girl;16;6;G;AE;m;L9;G;AE;F;1
paying;16;6;G;AE;m;L9;G;AE;F;1
woman;16;6;G;AE;m;L9;G;AE;F;1
checkout;16;6;G;AE;m;L9;G;AE;F;1
guess;16;6;G;AE;m;L9;G;AE;F;0
another;17;6;G;AE;m;L9;G;AE;F;1
one;17;6;G;AE;m;L9;G;AE;F;1
selling;17;6;G;AE;m;L9;G;AE;F;1
sausages;17;6;G;AE;m;L9;G;AE;F;1
ham;17;6;G;AE;m;L9;G;AE;F;1
four;18;6;G;AE;m;L9;G;AE;F;0
adults;18;6;G;AE;m;L9;G;AE;F;0
working;18;6;G;AE;m;L9;G;AE;F;1
supermarket;18;6;G;AE;m;L9;G;AE;F;1
father;19;7;G;BE;f;L9;G;AE;F;1
looks;19;7;G;BE;f;L9;G;AE;F;1
son;19;7;G;BE;f;L9;G;AE;F;1
watering;19;7;G;BE;f;L9;G;AE;F;1
plants;19;7;G;BE;f;L9;G;AE;F;1
think;20;7;G;BE;f;L9;G;AE;F;1
are;20;7;G;BE;f;L9;G;AE;F;0
flowers;20;7;G;BE;f;L9;G;AE;F;1
onions;20;7;G;BE;f;L9;G;AE;F;1
something;20;7;G;BE;f;L9;G;AE;F;1
thick;20;7;G;BE;f;L9;G;AE;F;1
root;20;7;G;BE;f;L9;G;AE;F;1
dog;21;7;G;BE;f;L9;G;AE;F;1
seems;21;7;G;BE;f;L9;G;AE;F;1
interested;21;7;G;BE;f;L9;G;AE;F;1
snail;21;7;G;BE;f;L9;G;AE;F;0
baby;22;8;G;BE;m;L9;G;AE;F;1
trying;22;8;G;BE;m;L9;G;AE;F;1
feed;22;8;G;BE;m;L9;G;AE;F;0
one;22;8;G;BE;m;L9;G;AE;F;1
toys;22;8;G;BE;m;L9;G;AE;F;1
is;23;8;G;BE;m;L9;G;AE;F;0
window;23;8;G;BE;m;L9;G;AE;F;0
butterfly;23;8;G;BE;m;L9;G;AE;F;1
front;23;8;G;BE;m;L9;G;AE;F;0
see;24;8;G;BE;m;L9;G;AE;F;1
kitchenmachineries;24;8;G;BE;m;L9;G;AE;F;1
lying;24;8;G;BE;m;L9;G;AE;F;0
one;25;9;G;None;f;L9;G;AE;F;1
girls;25;9;G;None;f;L9;G;AE;F;1
buying;25;9;G;None;f;L9;G;AE;F;0
food;25;9;G;None;f;L9;G;AE;F;1
dog;25;9;G;None;f;L9;G;AE;F;1
see;26;9;G;None;f;L9;G;AE;F;1
children;26;9;G;None;f;L9;G;AE;F;1
have;26;9;G;None;f;L9;G;AE;F;1
blond;26;9;G;None;f;L9;G;AE;F;1
hair;26;9;G;None;f;L9;G;AE;F;1
little;27;9;G;None;f;L9;G;AE;F;1
boy;27;9;G;None;f;L9;G;AE;F;1
standing;27;9;G;None;f;L9;G;AE;F;1
front;27;9;G;None;f;L9;G;AE;F;1
cucumbers;27;9;G;None;f;L9;G;AE;F;1
mother;28;10;G;None;m;L9;G;AE;F;1
standing;28;10;G;None;m;L9;G;AE;F;1
front;28;10;G;None;m;L9;G;AE;F;1
refridgerator;28;10;G;None;m;L9;G;AE;F;1
looking;28;10;G;None;m;L9;G;AE;F;1
butter;28;10;G;None;m;L9;G;AE;F;1
dog;29;10;G;None;m;L9;G;AE;F;1
is;29;10;G;None;m;L9;G;AE;F;1
interested;29;10;G;None;m;L9;G;AE;F;0
meat;29;10;G;None;m;L9;G;AE;F;1
ground;30;10;G;None;m;L9;G;AE;F;1
lying;30;10;G;None;m;L9;G;AE;F;1
cookies;30;10;G;None;m;L9;G;AE;F;1
vegetables;30;10;G;None;m;L9;G;AE;F;1
planted;1;1;AE;NA;f;L10;G;AE;F;1
vergetablegarden;1;1;AE;NA;f;L10;G;AE;F;1
last;1;1;AE;NA;f;L10;G;AE;F;1
summer;1;1;AE;NA;f;L10;G;AE;F;1
is;2;1;AE;NA;f;L10;G;AE;F;1
weekend;2;1;AE;NA;f;L10;G;AE;F;1
whole;2;1;AE;NA;f;L10;G;AE;F;1
family;2;1;AE;NA;f;L10;G;AE;F;1
is;2;1;AE;NA;f;L10;G;AE;F;0
outside;2;1;AE;NA;f;L10;G;AE;F;1
have;3;1;AE;NA;f;L10;G;AE;F;1
nice;3;1;AE;NA;f;L10;G;AE;F;1
chair;3;1;AE;NA;f;L10;G;AE;F;1
sit;3;1;AE;NA;f;L10;G;AE;F;1
umbrella;3;1;AE;NA;f;L10;G;AE;F;1
motherbird;4;2;AE;NA;m;L10;G;AE;F;1
feeding;4;2;AE;NA;m;L10;G;AE;F;1
smaller;4;2;AE;NA;m;L10;G;AE;F;0
birds;4;2;AE;NA;m;L10;G;AE;F;1
farmer;5;2;AE;NA;m;L10;G;AE;F;1
helping;5;2;AE;NA;m;L10;G;AE;F;1
tractor;5;2;AE;NA;m;L10;G;AE;F;1
examining;5;2;AE;NA;m;L10;G;AE;F;1
dog;6;2;AE;NA;m;L10;G;AE;F;1
is;6;2;AE;NA;m;L10;G;AE;F;0
chained;6;2;AE;NA;m;L10;G;AE;F;0
bone;6;2;AE;NA;m;L10;G;AE;F;0
is;6;2;AE;NA;m;L10;G;AE;F;0
happy;6;2;AE;NA;m;L10;G;AE;F;0
is;7;3;BE;NA;f;L10;G;AE;F;0
interested;7;3;BE;NA;f;L10;G;AE;F;0
rabbits;7;3;BE;NA;f;L10;G;AE;F;1
sitting;7;3;BE;NA;f;L10;G;AE;F;1
farmyard;7;3;BE;NA;f;L10;G;AE;F;1
seems;8;3;BE;NA;f;L10;G;AE;F;1
emancipated;8;3;BE;NA;f;L10;G;AE;F;1
lady;8;3;BE;NA;f;L10;G;AE;F;1
driving;8;3;BE;NA;f;L10;G;AE;F;1
tractor;8;3;BE;NA;f;L10;G;AE;F;1
kitten;9;3;BE;NA;f;L10;G;AE;F;0
having;9;3;BE;NA;f;L10;G;AE;F;1
bowl;9;3;BE;NA;f;L10;G;AE;F;1
milk;9;3;BE;NA;f;L10;G;AE;F;1
is;10;4;BE;NA;m;L10;G;AE;F;1
teddybear;10;4;BE;NA;m;L10;G;AE;F;1
lying;10;4;BE;NA;m;L10;G;AE;F;1
middle;10;4;BE;NA;m;L10;G;AE;F;1
road;10;4;BE;NA;m;L10;G;AE;F;1
is;11;4;BE;NA;m;L10;G;AE;F;1
man;11;4;BE;NA;m;L10;G;AE;F;1
walking;11;4;BE;NA;m;L10;G;AE;F;1
dog;11;4;BE;NA;m;L10;G;AE;F;1
talking;11;4;BE;NA;m;L10;G;AE;F;1
phone;11;4;BE;NA;m;L10;G;AE;F;0
is;12;4;BE;NA;m;L10;G;AE;F;1
little;12;4;BE;NA;m;L10;G;AE;F;1
boy;12;4;BE;NA;m;L10;G;AE;F;1
eating;12;4;BE;NA;m;L10;G;AE;F;1
icecream;12;4;BE;NA;m;L10;G;AE;F;1
is;13;5;G;AE;f;L10;G;AE;F;1
guy;13;5;G;AE;f;L10;G;AE;F;1
reading;13;5;G;AE;f;L10;G;AE;F;1
newspaper;13;5;G;AE;f;L10;G;AE;F;1
is;14;5;G;AE;f;L10;G;AE;F;1
cab;14;5;G;AE;f;L10;G;AE;F;0
seems;14;5;G;AE;f;L10;G;AE;F;1
gotton;14;5;G;AE;f;L10;G;AE;F;1
accident;14;5;G;AE;f;L10;G;AE;F;1
holds;15;5;G;AE;f;L10;G;AE;F;0
little;15;5;G;AE;f;L10;G;AE;F;0
leather;15;5;G;AE;f;L10;G;AE;F;1
purse;15;5;G;AE;f;L10;G;AE;F;1
looks;15;5;G;AE;f;L10;G;AE;F;1
happy;15;5;G;AE;f;L10;G;AE;F;1
girl;16;6;G;AE;m;L10;G;AE;F;1
paying;16;6;G;AE;m;L10;G;AE;F;1
woman;16;6;G;AE;m;L10;G;AE;F;1
checkout;16;6;G;AE;m;L10;G;AE;F;1
guess;16;6;G;AE;m;L10;G;AE;F;1
another;17;6;G;AE;m;L10;G;AE;F;1
one;17;6;G;AE;m;L10;G;AE;F;1
selling;17;6;G;AE;m;L10;G;AE;F;1
sausages;17;6;G;AE;m;L10;G;AE;F;1
ham;17;6;G;AE;m;L10;G;AE;F;1
four;18;6;G;AE;m;L10;G;AE;F;1
adults;18;6;G;AE;m;L10;G;AE;F;1
working;18;6;G;AE;m;L10;G;AE;F;1
supermarket;18;6;G;AE;m;L10;G;AE;F;1
father;19;7;G;BE;f;L10;G;AE;F;1
looks;19;7;G;BE;f;L10;G;AE;F;0
son;19;7;G;BE;f;L10;G;AE;F;1
watering;19;7;G;BE;f;L10;G;AE;F;1
plants;19;7;G;BE;f;L10;G;AE;F;1
think;20;7;G;BE;f;L10;G;AE;F;1
are;20;7;G;BE;f;L10;G;AE;F;1
flowers;20;7;G;BE;f;L10;G;AE;F;0
onions;20;7;G;BE;f;L10;G;AE;F;1
something;20;7;G;BE;f;L10;G;AE;F;1
thick;20;7;G;BE;f;L10;G;AE;F;1
root;20;7;G;BE;f;L10;G;AE;F;1
dog;21;7;G;BE;f;L10;G;AE;F;1
seems;21;7;G;BE;f;L10;G;AE;F;1
interested;21;7;G;BE;f;L10;G;AE;F;1
snail;21;7;G;BE;f;L10;G;AE;F;1
baby;22;8;G;BE;m;L10;G;AE;F;1
trying;22;8;G;BE;m;L10;G;AE;F;1
feed;22;8;G;BE;m;L10;G;AE;F;0
one;22;8;G;BE;m;L10;G;AE;F;1
toys;22;8;G;BE;m;L10;G;AE;F;1
is;23;8;G;BE;m;L10;G;AE;F;0
window;23;8;G;BE;m;L10;G;AE;F;0
butterfly;23;8;G;BE;m;L10;G;AE;F;1
front;23;8;G;BE;m;L10;G;AE;F;1
see;24;8;G;BE;m;L10;G;AE;F;1
kitchenmachineries;24;8;G;BE;m;L10;G;AE;F;1
lying;24;8;G;BE;m;L10;G;AE;F;1
one;25;9;G;None;f;L10;G;AE;F;1
girls;25;9;G;None;f;L10;G;AE;F;1
buying;25;9;G;None;f;L10;G;AE;F;1
food;25;9;G;None;f;L10;G;AE;F;1
dog;25;9;G;None;f;L10;G;AE;F;1
see;26;9;G;None;f;L10;G;AE;F;1
children;26;9;G;None;f;L10;G;AE;F;1
have;26;9;G;None;f;L10;G;AE;F;1
blond;26;9;G;None;f;L10;G;AE;F;1
hair;26;9;G;None;f;L10;G;AE;F;1
little;27;9;G;None;f;L10;G;AE;F;1
boy;27;9;G;None;f;L10;G;AE;F;1
standing;27;9;G;None;f;L10;G;AE;F;1
front;27;9;G;None;f;L10;G;AE;F;1
cucumbers;27;9;G;None;f;L10;G;AE;F;1
mother;28;10;G;None;m;L10;G;AE;F;1
standing;28;10;G;None;m;L10;G;AE;F;1
front;28;10;G;None;m;L10;G;AE;F;1
refridgerator;28;10;G;None;m;L10;G;AE;F;1
looking;28;10;G;None;m;L10;G;AE;F;1
butter;28;10;G;None;m;L10;G;AE;F;1
dog;29;10;G;None;m;L10;G;AE;F;1
is;29;10;G;None;m;L10;G;AE;F;1
interested;29;10;G;None;m;L10;G;AE;F;0
meat;29;10;G;None;m;L10;G;AE;F;1
ground;30;10;G;None;m;L10;G;AE;F;1
lying;30;10;G;None;m;L10;G;AE;F;1
cookies;30;10;G;None;m;L10;G;AE;F;1
vegetables;30;10;G;None;m;L10;G;AE;F;1
planted;1;1;AE;NA;f;L11;G;AE;M;1
vergetablegarden;1;1;AE;NA;f;L11;G;AE;M;0
last;1;1;AE;NA;f;L11;G;AE;M;1
summer;1;1;AE;NA;f;L11;G;AE;M;1
is;2;1;AE;NA;f;L11;G;AE;M;1
weekend;2;1;AE;NA;f;L11;G;AE;M;1
whole;2;1;AE;NA;f;L11;G;AE;M;1
family;2;1;AE;NA;f;L11;G;AE;M;1
is;2;1;AE;NA;f;L11;G;AE;M;1
outside;2;1;AE;NA;f;L11;G;AE;M;1
have;3;1;AE;NA;f;L11;G;AE;M;1
nice;3;1;AE;NA;f;L11;G;AE;M;1
chair;3;1;AE;NA;f;L11;G;AE;M;1
sit;3;1;AE;NA;f;L11;G;AE;M;1
umbrella;3;1;AE;NA;f;L11;G;AE;M;1
motherbird;4;2;AE;NA;m;L11;G;AE;M;1
feeding;4;2;AE;NA;m;L11;G;AE;M;1
smaller;4;2;AE;NA;m;L11;G;AE;M;0
birds;4;2;AE;NA;m;L11;G;AE;M;1
farmer;5;2;AE;NA;m;L11;G;AE;M;1
helping;5;2;AE;NA;m;L11;G;AE;M;1
tractor;5;2;AE;NA;m;L11;G;AE;M;1
examining;5;2;AE;NA;m;L11;G;AE;M;0
dog;6;2;AE;NA;m;L11;G;AE;M;1
is;6;2;AE;NA;m;L11;G;AE;M;0
chained;6;2;AE;NA;m;L11;G;AE;M;0
bone;6;2;AE;NA;m;L11;G;AE;M;0
is;6;2;AE;NA;m;L11;G;AE;M;0
happy;6;2;AE;NA;m;L11;G;AE;M;0
is;7;3;BE;NA;f;L11;G;AE;M;0
interested;7;3;BE;NA;f;L11;G;AE;M;0
rabbits;7;3;BE;NA;f;L11;G;AE;M;0
sitting;7;3;BE;NA;f;L11;G;AE;M;1
farmyard;7;3;BE;NA;f;L11;G;AE;M;0
seems;8;3;BE;NA;f;L11;G;AE;M;0
emancipated;8;3;BE;NA;f;L11;G;AE;M;0
lady;8;3;BE;NA;f;L11;G;AE;M;0
driving;8;3;BE;NA;f;L11;G;AE;M;1
tractor;8;3;BE;NA;f;L11;G;AE;M;1
kitten;9;3;BE;NA;f;L11;G;AE;M;0
having;9;3;BE;NA;f;L11;G;AE;M;0
bowl;9;3;BE;NA;f;L11;G;AE;M;0
milk;9;3;BE;NA;f;L11;G;AE;M;0
is;10;4;BE;NA;m;L11;G;AE;M;1
teddybear;10;4;BE;NA;m;L11;G;AE;M;1
lying;10;4;BE;NA;m;L11;G;AE;M;1
middle;10;4;BE;NA;m;L11;G;AE;M;1
road;10;4;BE;NA;m;L11;G;AE;M;1
is;11;4;BE;NA;m;L11;G;AE;M;1
man;11;4;BE;NA;m;L11;G;AE;M;1
walking;11;4;BE;NA;m;L11;G;AE;M;1
dog;11;4;BE;NA;m;L11;G;AE;M;1
talking;11;4;BE;NA;m;L11;G;AE;M;0
phone;11;4;BE;NA;m;L11;G;AE;M;0
is;12;4;BE;NA;m;L11;G;AE;M;1
little;12;4;BE;NA;m;L11;G;AE;M;0
boy;12;4;BE;NA;m;L11;G;AE;M;1
eating;12;4;BE;NA;m;L11;G;AE;M;1
icecream;12;4;BE;NA;m;L11;G;AE;M;1
is;13;5;G;AE;f;L11;G;AE;M;1
guy;13;5;G;AE;f;L11;G;AE;M;1
reading;13;5;G;AE;f;L11;G;AE;M;1
newspaper;13;5;G;AE;f;L11;G;AE;M;1
is;14;5;G;AE;f;L11;G;AE;M;1
cab;14;5;G;AE;f;L11;G;AE;M;1
seems;14;5;G;AE;f;L11;G;AE;M;1
gotton;14;5;G;AE;f;L11;G;AE;M;1
accident;14;5;G;AE;f;L11;G;AE;M;1
holds;15;5;G;AE;f;L11;G;AE;M;0
little;15;5;G;AE;f;L11;G;AE;M;0
leather;15;5;G;AE;f;L11;G;AE;M;0
purse;15;5;G;AE;f;L11;G;AE;M;0
looks;15;5;G;AE;f;L11;G;AE;M;0
happy;15;5;G;AE;f;L11;G;AE;M;1
girl;16;6;G;AE;m;L11;G;AE;M;1
paying;16;6;G;AE;m;L11;G;AE;M;1
woman;16;6;G;AE;m;L11;G;AE;M;1
checkout;16;6;G;AE;m;L11;G;AE;M;1
guess;16;6;G;AE;m;L11;G;AE;M;1
another;17;6;G;AE;m;L11;G;AE;M;0
one;17;6;G;AE;m;L11;G;AE;M;1
selling;17;6;G;AE;m;L11;G;AE;M;1
sausages;17;6;G;AE;m;L11;G;AE;M;1
ham;17;6;G;AE;m;L11;G;AE;M;1
four;18;6;G;AE;m;L11;G;AE;M;1
adults;18;6;G;AE;m;L11;G;AE;M;0
working;18;6;G;AE;m;L11;G;AE;M;0
supermarket;18;6;G;AE;m;L11;G;AE;M;1
father;19;7;G;BE;f;L11;G;AE;M;0
looks;19;7;G;BE;f;L11;G;AE;M;1
son;19;7;G;BE;f;L11;G;AE;M;0
watering;19;7;G;BE;f;L11;G;AE;M;1
plants;19;7;G;BE;f;L11;G;AE;M;1
think;20;7;G;BE;f;L11;G;AE;M;1
are;20;7;G;BE;f;L11;G;AE;M;0
flowers;20;7;G;BE;f;L11;G;AE;M;1
onions;20;7;G;BE;f;L11;G;AE;M;1
something;20;7;G;BE;f;L11;G;AE;M;1
thick;20;7;G;BE;f;L11;G;AE;M;1
root;20;7;G;BE;f;L11;G;AE;M;1
dog;21;7;G;BE;f;L11;G;AE;M;1
seems;21;7;G;BE;f;L11;G;AE;M;1
interested;21;7;G;BE;f;L11;G;AE;M;1
snail;21;7;G;BE;f;L11;G;AE;M;1
baby;22;8;G;BE;m;L11;G;AE;M;1
trying;22;8;G;BE;m;L11;G;AE;M;1
feed;22;8;G;BE;m;L11;G;AE;M;0
one;22;8;G;BE;m;L11;G;AE;M;1
toys;22;8;G;BE;m;L11;G;AE;M;1
is;23;8;G;BE;m;L11;G;AE;M;0
window;23;8;G;BE;m;L11;G;AE;M;0
butterfly;23;8;G;BE;m;L11;G;AE;M;1
front;23;8;G;BE;m;L11;G;AE;M;1
see;24;8;G;BE;m;L11;G;AE;M;1
kitchenmachineries;24;8;G;BE;m;L11;G;AE;M;1
lying;24;8;G;BE;m;L11;G;AE;M;0
one;25;9;G;None;f;L11;G;AE;M;1
girls;25;9;G;None;f;L11;G;AE;M;1
buying;25;9;G;None;f;L11;G;AE;M;1
food;25;9;G;None;f;L11;G;AE;M;1
dog;25;9;G;None;f;L11;G;AE;M;1
see;26;9;G;None;f;L11;G;AE;M;1
children;26;9;G;None;f;L11;G;AE;M;1
have;26;9;G;None;f;L11;G;AE;M;1
blond;26;9;G;None;f;L11;G;AE;M;1
hair;26;9;G;None;f;L11;G;AE;M;1
little;27;9;G;None;f;L11;G;AE;M;1
boy;27;9;G;None;f;L11;G;AE;M;1
standing;27;9;G;None;f;L11;G;AE;M;0
front;27;9;G;None;f;L11;G;AE;M;1
cucumbers;27;9;G;None;f;L11;G;AE;M;1
mother;28;10;G;None;m;L11;G;AE;M;1
standing;28;10;G;None;m;L11;G;AE;M;1
front;28;10;G;None;m;L11;G;AE;M;1
refridgerator;28;10;G;None;m;L11;G;AE;M;1
looking;28;10;G;None;m;L11;G;AE;M;1
butter;28;10;G;None;m;L11;G;AE;M;1
dog;29;10;G;None;m;L11;G;AE;M;1
is;29;10;G;None;m;L11;G;AE;M;1
interested;29;10;G;None;m;L11;G;AE;M;0
meat;29;10;G;None;m;L11;G;AE;M;1
ground;30;10;G;None;m;L11;G;AE;M;1
lying;30;10;G;None;m;L11;G;AE;M;1
cookies;30;10;G;None;m;L11;G;AE;M;1
vegetables;30;10;G;None;m;L11;G;AE;M;1
planted;1;1;AE;NA;f;L12;G;AE;F;1
vergetablegarden;1;1;AE;NA;f;L12;G;AE;F;1
last;1;1;AE;NA;f;L12;G;AE;F;0
summer;1;1;AE;NA;f;L12;G;AE;F;1
is;2;1;AE;NA;f;L12;G;AE;F;1
weekend;2;1;AE;NA;f;L12;G;AE;F;0
whole;2;1;AE;NA;f;L12;G;AE;F;1
family;2;1;AE;NA;f;L12;G;AE;F;1
is;2;1;AE;NA;f;L12;G;AE;F;0
outside;2;1;AE;NA;f;L12;G;AE;F;1
have;3;1;AE;NA;f;L12;G;AE;F;1
nice;3;1;AE;NA;f;L12;G;AE;F;1
chair;3;1;AE;NA;f;L12;G;AE;F;1
sit;3;1;AE;NA;f;L12;G;AE;F;1
umbrella;3;1;AE;NA;f;L12;G;AE;F;1
motherbird;4;2;AE;NA;m;L12;G;AE;F;1
feeding;4;2;AE;NA;m;L12;G;AE;F;1
smaller;4;2;AE;NA;m;L12;G;AE;F;0
birds;4;2;AE;NA;m;L12;G;AE;F;1
farmer;5;2;AE;NA;m;L12;G;AE;F;0
helping;5;2;AE;NA;m;L12;G;AE;F;0
tractor;5;2;AE;NA;m;L12;G;AE;F;1
examining;5;2;AE;NA;m;L12;G;AE;F;0
dog;6;2;AE;NA;m;L12;G;AE;F;1
is;6;2;AE;NA;m;L12;G;AE;F;0
chained;6;2;AE;NA;m;L12;G;AE;F;0
bone;6;2;AE;NA;m;L12;G;AE;F;0
is;6;2;AE;NA;m;L12;G;AE;F;0
happy;6;2;AE;NA;m;L12;G;AE;F;0
is;7;3;BE;NA;f;L12;G;AE;F;0
interested;7;3;BE;NA;f;L12;G;AE;F;0
rabbits;7;3;BE;NA;f;L12;G;AE;F;
sitting;7;3;BE;NA;f;L12;G;AE;F;
farmyard;7;3;BE;NA;f;L12;G;AE;F;
seems;8;3;BE;NA;f;L12;G;AE;F;
emancipated;8;3;BE;NA;f;L12;G;AE;F;0
lady;8;3;BE;NA;f;L12;G;AE;F;0
driving;8;3;BE;NA;f;L12;G;AE;F;1
tractor;8;3;BE;NA;f;L12;G;AE;F;1
kitten;9;3;BE;NA;f;L12;G;AE;F;1
having;9;3;BE;NA;f;L12;G;AE;F;1
bowl;9;3;BE;NA;f;L12;G;AE;F;0
milk;9;3;BE;NA;f;L12;G;AE;F;0
is;10;4;BE;NA;m;L12;G;AE;F;1
teddybear;10;4;BE;NA;m;L12;G;AE;F;1
lying;10;4;BE;NA;m;L12;G;AE;F;1
middle;10;4;BE;NA;m;L12;G;AE;F;1
road;10;4;BE;NA;m;L12;G;AE;F;1
is;11;4;BE;NA;m;L12;G;AE;F;1
man;11;4;BE;NA;m;L12;G;AE;F;1
walking;11;4;BE;NA;m;L12;G;AE;F;1
dog;11;4;BE;NA;m;L12;G;AE;F;1
talking;11;4;BE;NA;m;L12;G;AE;F;1
phone;11;4;BE;NA;m;L12;G;AE;F;1
is;12;4;BE;NA;m;L12;G;AE;F;1
little;12;4;BE;NA;m;L12;G;AE;F;0
boy;12;4;BE;NA;m;L12;G;AE;F;1
eating;12;4;BE;NA;m;L12;G;AE;F;1
icecream;12;4;BE;NA;m;L12;G;AE;F;1
is;13;5;G;AE;f;L12;G;AE;F;1
guy;13;5;G;AE;f;L12;G;AE;F;1
reading;13;5;G;AE;f;L12;G;AE;F;1
newspaper;13;5;G;AE;f;L12;G;AE;F;1
is;14;5;G;AE;f;L12;G;AE;F;1
cab;14;5;G;AE;f;L12;G;AE;F;0
seems;14;5;G;AE;f;L12;G;AE;F;1
gotton;14;5;G;AE;f;L12;G;AE;F;0
accident;14;5;G;AE;f;L12;G;AE;F;1
holds;15;5;G;AE;f;L12;G;AE;F;0
little;15;5;G;AE;f;L12;G;AE;F;0
leather;15;5;G;AE;f;L12;G;AE;F;0
purse;15;5;G;AE;f;L12;G;AE;F;0
looks;15;5;G;AE;f;L12;G;AE;F;0
happy;15;5;G;AE;f;L12;G;AE;F;1
girl;16;6;G;AE;m;L12;G;AE;F;1
paying;16;6;G;AE;m;L12;G;AE;F;1
woman;16;6;G;AE;m;L12;G;AE;F;1
checkout;16;6;G;AE;m;L12;G;AE;F;1
guess;16;6;G;AE;m;L12;G;AE;F;1
another;17;6;G;AE;m;L12;G;AE;F;1
one;17;6;G;AE;m;L12;G;AE;F;1
selling;17;6;G;AE;m;L12;G;AE;F;1
sausages;17;6;G;AE;m;L12;G;AE;F;1
ham;17;6;G;AE;m;L12;G;AE;F;1
four;18;6;G;AE;m;L12;G;AE;F;1
adults;18;6;G;AE;m;L12;G;AE;F;0
working;18;6;G;AE;m;L12;G;AE;F;1
supermarket;18;6;G;AE;m;L12;G;AE;F;1
father;19;7;G;BE;f;L12;G;AE;F;1
looks;19;7;G;BE;f;L12;G;AE;F;1
son;19;7;G;BE;f;L12;G;AE;F;1
watering;19;7;G;BE;f;L12;G;AE;F;1
plants;19;7;G;BE;f;L12;G;AE;F;1
think;20;7;G;BE;f;L12;G;AE;F;1
are;20;7;G;BE;f;L12;G;AE;F;0
flowers;20;7;G;BE;f;L12;G;AE;F;1
onions;20;7;G;BE;f;L12;G;AE;F;1
something;20;7;G;BE;f;L12;G;AE;F;0
thick;20;7;G;BE;f;L12;G;AE;F;1
root;20;7;G;BE;f;L12;G;AE;F;1
dog;21;7;G;BE;f;L12;G;AE;F;1
seems;21;7;G;BE;f;L12;G;AE;F;1
interested;21;7;G;BE;f;L12;G;AE;F;1
snail;21;7;G;BE;f;L12;G;AE;F;1
baby;22;8;G;BE;m;L12;G;AE;F;1
trying;22;8;G;BE;m;L12;G;AE;F;1
feed;22;8;G;BE;m;L12;G;AE;F;0
one;22;8;G;BE;m;L12;G;AE;F;1
toys;22;8;G;BE;m;L12;G;AE;F;1
is;23;8;G;BE;m;L12;G;AE;F;0
window;23;8;G;BE;m;L12;G;AE;F;0
butterfly;23;8;G;BE;m;L12;G;AE;F;1
front;23;8;G;BE;m;L12;G;AE;F;0
see;24;8;G;BE;m;L12;G;AE;F;1
kitchenmachineries;24;8;G;BE;m;L12;G;AE;F;0
lying;24;8;G;BE;m;L12;G;AE;F;1
one;25;9;G;None;f;L12;G;AE;F;1
girls;25;9;G;None;f;L12;G;AE;F;1
buying;25;9;G;None;f;L12;G;AE;F;1
food;25;9;G;None;f;L12;G;AE;F;1
dog;25;9;G;None;f;L12;G;AE;F;1
see;26;9;G;None;f;L12;G;AE;F;1
children;26;9;G;None;f;L12;G;AE;F;1
have;26;9;G;None;f;L12;G;AE;F;1
blond;26;9;G;None;f;L12;G;AE;F;1
hair;26;9;G;None;f;L12;G;AE;F;1
little;27;9;G;None;f;L12;G;AE;F;1
boy;27;9;G;None;f;L12;G;AE;F;1
standing;27;9;G;None;f;L12;G;AE;F;1
front;27;9;G;None;f;L12;G;AE;F;1
cucumbers;27;9;G;None;f;L12;G;AE;F;0
mother;28;10;G;None;m;L12;G;AE;F;1
standing;28;10;G;None;m;L12;G;AE;F;1
front;28;10;G;None;m;L12;G;AE;F;1
refridgerator;28;10;G;None;m;L12;G;AE;F;1
looking;28;10;G;None;m;L12;G;AE;F;1
butter;28;10;G;None;m;L12;G;AE;F;1
dog;29;10;G;None;m;L12;G;AE;F;1
is;29;10;G;None;m;L12;G;AE;F;1
interested;29;10;G;None;m;L12;G;AE;F;1
meat;29;10;G;None;m;L12;G;AE;F;1
ground;30;10;G;None;m;L12;G;AE;F;1
lying;30;10;G;None;m;L12;G;AE;F;1
cookies;30;10;G;None;m;L12;G;AE;F;1
vegetables;30;10;G;None;m;L12;G;AE;F;1
planted;1;1;AE;NA;f;L13;G;BE;F;0
vergetablegarden;1;1;AE;NA;f;L13;G;BE;F;1
last;1;1;AE;NA;f;L13;G;BE;F;1
summer;1;1;AE;NA;f;L13;G;BE;F;1
is;2;1;AE;NA;f;L13;G;BE;F;1
weekend;2;1;AE;NA;f;L13;G;BE;F;1
whole;2;1;AE;NA;f;L13;G;BE;F;0
family;2;1;AE;NA;f;L13;G;BE;F;1
is;2;1;AE;NA;f;L13;G;BE;F;1
outside;2;1;AE;NA;f;L13;G;BE;F;1
have;3;1;AE;NA;f;L13;G;BE;F;1
nice;3;1;AE;NA;f;L13;G;BE;F;1
chair;3;1;AE;NA;f;L13;G;BE;F;1
sit;3;1;AE;NA;f;L13;G;BE;F;1
umbrella;3;1;AE;NA;f;L13;G;BE;F;1
motherbird;4;2;AE;NA;m;L13;G;BE;F;0
feeding;4;2;AE;NA;m;L13;G;BE;F;0
smaller;4;2;AE;NA;m;L13;G;BE;F;0
birds;4;2;AE;NA;m;L13;G;BE;F;1
farmer;5;2;AE;NA;m;L13;G;BE;F;0
helping;5;2;AE;NA;m;L13;G;BE;F;0
tractor;5;2;AE;NA;m;L13;G;BE;F;0
examining;5;2;AE;NA;m;L13;G;BE;F;0
dog;6;2;AE;NA;m;L13;G;BE;F;1
is;6;2;AE;NA;m;L13;G;BE;F;1
chained;6;2;AE;NA;m;L13;G;BE;F;1
bone;6;2;AE;NA;m;L13;G;BE;F;0
is;6;2;AE;NA;m;L13;G;BE;F;0
happy;6;2;AE;NA;m;L13;G;BE;F;0
is;7;3;BE;NA;f;L13;G;BE;F;0
interested;7;3;BE;NA;f;L13;G;BE;F;0
rabbits;7;3;BE;NA;f;L13;G;BE;F;1
sitting;7;3;BE;NA;f;L13;G;BE;F;1
farmyard;7;3;BE;NA;f;L13;G;BE;F;0
seems;8;3;BE;NA;f;L13;G;BE;F;1
emancipated;8;3;BE;NA;f;L13;G;BE;F;1
lady;8;3;BE;NA;f;L13;G;BE;F;1
driving;8;3;BE;NA;f;L13;G;BE;F;1
tractor;8;3;BE;NA;f;L13;G;BE;F;1
kitten;9;3;BE;NA;f;L13;G;BE;F;0
having;9;3;BE;NA;f;L13;G;BE;F;1
bowl;9;3;BE;NA;f;L13;G;BE;F;0
milk;9;3;BE;NA;f;L13;G;BE;F;1
is;10;4;BE;NA;m;L13;G;BE;F;1
teddybear;10;4;BE;NA;m;L13;G;BE;F;1
lying;10;4;BE;NA;m;L13;G;BE;F;1
middle;10;4;BE;NA;m;L13;G;BE;F;1
road;10;4;BE;NA;m;L13;G;BE;F;0
is;11;4;BE;NA;m;L13;G;BE;F;1
man;11;4;BE;NA;m;L13;G;BE;F;1
walking;11;4;BE;NA;m;L13;G;BE;F;1
dog;11;4;BE;NA;m;L13;G;BE;F;1
talking;11;4;BE;NA;m;L13;G;BE;F;1
phone;11;4;BE;NA;m;L13;G;BE;F;1
is;12;4;BE;NA;m;L13;G;BE;F;1
little;12;4;BE;NA;m;L13;G;BE;F;0
boy;12;4;BE;NA;m;L13;G;BE;F;1
eating;12;4;BE;NA;m;L13;G;BE;F;1
icecream;12;4;BE;NA;m;L13;G;BE;F;1
is;13;5;G;AE;f;L13;G;BE;F;1
guy;13;5;G;AE;f;L13;G;BE;F;1
reading;13;5;G;AE;f;L13;G;BE;F;1
newspaper;13;5;G;AE;f;L13;G;BE;F;1
is;14;5;G;AE;f;L13;G;BE;F;1
cab;14;5;G;AE;f;L13;G;BE;F;1
seems;14;5;G;AE;f;L13;G;BE;F;1
gotton;14;5;G;AE;f;L13;G;BE;F;1
accident;14;5;G;AE;f;L13;G;BE;F;1
holds;15;5;G;AE;f;L13;G;BE;F;0
little;15;5;G;AE;f;L13;G;BE;F;0
leather;15;5;G;AE;f;L13;G;BE;F;0
purse;15;5;G;AE;f;L13;G;BE;F;0
looks;15;5;G;AE;f;L13;G;BE;F;1
happy;15;5;G;AE;f;L13;G;BE;F;1
girl;16;6;G;AE;m;L13;G;BE;F;1
paying;16;6;G;AE;m;L13;G;BE;F;1
woman;16;6;G;AE;m;L13;G;BE;F;1
checkout;16;6;G;AE;m;L13;G;BE;F;1
guess;16;6;G;AE;m;L13;G;BE;F;1
another;17;6;G;AE;m;L13;G;BE;F;0
one;17;6;G;AE;m;L13;G;BE;F;0
selling;17;6;G;AE;m;L13;G;BE;F;1
sausages;17;6;G;AE;m;L13;G;BE;F;1
ham;17;6;G;AE;m;L13;G;BE;F;1
four;18;6;G;AE;m;L13;G;BE;F;1
adults;18;6;G;AE;m;L13;G;BE;F;1
working;18;6;G;AE;m;L13;G;BE;F;1
supermarket;18;6;G;AE;m;L13;G;BE;F;1
father;19;7;G;BE;f;L13;G;BE;F;1
looks;19;7;G;BE;f;L13;G;BE;F;1
son;19;7;G;BE;f;L13;G;BE;F;1
watering;19;7;G;BE;f;L13;G;BE;F;1
plants;19;7;G;BE;f;L13;G;BE;F;1
think;20;7;G;BE;f;L13;G;BE;F;1
are;20;7;G;BE;f;L13;G;BE;F;0
flowers;20;7;G;BE;f;L13;G;BE;F;1
onions;20;7;G;BE;f;L13;G;BE;F;1
something;20;7;G;BE;f;L13;G;BE;F;1
thick;20;7;G;BE;f;L13;G;BE;F;1
root;20;7;G;BE;f;L13;G;BE;F;1
dog;21;7;G;BE;f;L13;G;BE;F;1
seems;21;7;G;BE;f;L13;G;BE;F;1
interested;21;7;G;BE;f;L13;G;BE;F;1
snail;21;7;G;BE;f;L13;G;BE;F;0
baby;22;8;G;BE;m;L13;G;BE;F;1
trying;22;8;G;BE;m;L13;G;BE;F;0
feed;22;8;G;BE;m;L13;G;BE;F;0
one;22;8;G;BE;m;L13;G;BE;F;1
toys;22;8;G;BE;m;L13;G;BE;F;1
is;23;8;G;BE;m;L13;G;BE;F;0
window;23;8;G;BE;m;L13;G;BE;F;0
butterfly;23;8;G;BE;m;L13;G;BE;F;1
front;23;8;G;BE;m;L13;G;BE;F;1
see;24;8;G;BE;m;L13;G;BE;F;1
kitchenmachineries;24;8;G;BE;m;L13;G;BE;F;1
lying;24;8;G;BE;m;L13;G;BE;F;1
one;25;9;G;None;f;L13;G;BE;F;1
girls;25;9;G;None;f;L13;G;BE;F;1
buying;25;9;G;None;f;L13;G;BE;F;1
food;25;9;G;None;f;L13;G;BE;F;1
dog;25;9;G;None;f;L13;G;BE;F;1
see;26;9;G;None;f;L13;G;BE;F;1
children;26;9;G;None;f;L13;G;BE;F;1
have;26;9;G;None;f;L13;G;BE;F;1
blond;26;9;G;None;f;L13;G;BE;F;1
hair;26;9;G;None;f;L13;G;BE;F;1
little;27;9;G;None;f;L13;G;BE;F;1
boy;27;9;G;None;f;L13;G;BE;F;1
standing;27;9;G;None;f;L13;G;BE;F;1
front;27;9;G;None;f;L13;G;BE;F;1
cucumbers;27;9;G;None;f;L13;G;BE;F;1
mother;28;10;G;None;m;L13;G;BE;F;1
standing;28;10;G;None;m;L13;G;BE;F;1
front;28;10;G;None;m;L13;G;BE;F;1
refridgerator;28;10;G;None;m;L13;G;BE;F;1
looking;28;10;G;None;m;L13;G;BE;F;1
butter;28;10;G;None;m;L13;G;BE;F;1
dog;29;10;G;None;m;L13;G;BE;F;1
is;29;10;G;None;m;L13;G;BE;F;1
interested;29;10;G;None;m;L13;G;BE;F;0
meat;29;10;G;None;m;L13;G;BE;F;1
ground;30;10;G;None;m;L13;G;BE;F;1
lying;30;10;G;None;m;L13;G;BE;F;1
cookies;30;10;G;None;m;L13;G;BE;F;1
vegetables;30;10;G;None;m;L13;G;BE;F;1
planted;1;1;AE;NA;f;L14;G;BE;F;1
vergetablegarden;1;1;AE;NA;f;L14;G;BE;F;1
last;1;1;AE;NA;f;L14;G;BE;F;1
summer;1;1;AE;NA;f;L14;G;BE;F;1
is;2;1;AE;NA;f;L14;G;BE;F;1
weekend;2;1;AE;NA;f;L14;G;BE;F;1
whole;2;1;AE;NA;f;L14;G;BE;F;1
family;2;1;AE;NA;f;L14;G;BE;F;1
is;2;1;AE;NA;f;L14;G;BE;F;0
outside;2;1;AE;NA;f;L14;G;BE;F;1
have;3;1;AE;NA;f;L14;G;BE;F;1
nice;3;1;AE;NA;f;L14;G;BE;F;1
chair;3;1;AE;NA;f;L14;G;BE;F;1
sit;3;1;AE;NA;f;L14;G;BE;F;1
umbrella;3;1;AE;NA;f;L14;G;BE;F;1
motherbird;4;2;AE;NA;m;L14;G;BE;F;0
feeding;4;2;AE;NA;m;L14;G;BE;F;0
smaller;4;2;AE;NA;m;L14;G;BE;F;0
birds;4;2;AE;NA;m;L14;G;BE;F;0
farmer;5;2;AE;NA;m;L14;G;BE;F;1
helping;5;2;AE;NA;m;L14;G;BE;F;1
tractor;5;2;AE;NA;m;L14;G;BE;F;1
examining;5;2;AE;NA;m;L14;G;BE;F;0
dog;6;2;AE;NA;m;L14;G;BE;F;1
is;6;2;AE;NA;m;L14;G;BE;F;1
chained;6;2;AE;NA;m;L14;G;BE;F;1
bone;6;2;AE;NA;m;L14;G;BE;F;0
is;6;2;AE;NA;m;L14;G;BE;F;0
happy;6;2;AE;NA;m;L14;G;BE;F;0
is;7;3;BE;NA;f;L14;G;BE;F;0
interested;7;3;BE;NA;f;L14;G;BE;F;1
rabbits;7;3;BE;NA;f;L14;G;BE;F;1
sitting;7;3;BE;NA;f;L14;G;BE;F;0
farmyard;7;3;BE;NA;f;L14;G;BE;F;0
seems;8;3;BE;NA;f;L14;G;BE;F;1
emancipated;8;3;BE;NA;f;L14;G;BE;F;1
lady;8;3;BE;NA;f;L14;G;BE;F;1
driving;8;3;BE;NA;f;L14;G;BE;F;1
tractor;8;3;BE;NA;f;L14;G;BE;F;1
kitten;9;3;BE;NA;f;L14;G;BE;F;NA
having;9;3;BE;NA;f;L14;G;BE;F;NA
bowl;9;3;BE;NA;f;L14;G;BE;F;NA
milk;9;3;BE;NA;f;L14;G;BE;F;NA
is;10;4;BE;NA;m;L14;G;BE;F;1
teddybear;10;4;BE;NA;m;L14;G;BE;F;1
lying;10;4;BE;NA;m;L14;G;BE;F;1
middle;10;4;BE;NA;m;L14;G;BE;F;1
road;10;4;BE;NA;m;L14;G;BE;F;1
is;11;4;BE;NA;m;L14;G;BE;F;1
man;11;4;BE;NA;m;L14;G;BE;F;1
walking;11;4;BE;NA;m;L14;G;BE;F;1
dog;11;4;BE;NA;m;L14;G;BE;F;1
talking;11;4;BE;NA;m;L14;G;BE;F;1
phone;11;4;BE;NA;m;L14;G;BE;F;0
is;12;4;BE;NA;m;L14;G;BE;F;1
little;12;4;BE;NA;m;L14;G;BE;F;1
boy;12;4;BE;NA;m;L14;G;BE;F;1
eating;12;4;BE;NA;m;L14;G;BE;F;1
icecream;12;4;BE;NA;m;L14;G;BE;F;1
is;13;5;G;AE;f;L14;G;BE;F;1
guy;13;5;G;AE;f;L14;G;BE;F;1
reading;13;5;G;AE;f;L14;G;BE;F;1
newspaper;13;5;G;AE;f;L14;G;BE;F;1
is;14;5;G;AE;f;L14;G;BE;F;1
cab;14;5;G;AE;f;L14;G;BE;F;0
seems;14;5;G;AE;f;L14;G;BE;F;1
gotton;14;5;G;AE;f;L14;G;BE;F;1
accident;14;5;G;AE;f;L14;G;BE;F;1
holds;15;5;G;AE;f;L14;G;BE;F;0
little;15;5;G;AE;f;L14;G;BE;F;0
leather;15;5;G;AE;f;L14;G;BE;F;1
purse;15;5;G;AE;f;L14;G;BE;F;1
looks;15;5;G;AE;f;L14;G;BE;F;1
happy;15;5;G;AE;f;L14;G;BE;F;1
girl;16;6;G;AE;m;L14;G;BE;F;1
paying;16;6;G;AE;m;L14;G;BE;F;0
woman;16;6;G;AE;m;L14;G;BE;F;1
checkout;16;6;G;AE;m;L14;G;BE;F;1
guess;16;6;G;AE;m;L14;G;BE;F;1
another;17;6;G;AE;m;L14;G;BE;F;0
one;17;6;G;AE;m;L14;G;BE;F;1
selling;17;6;G;AE;m;L14;G;BE;F;1
sausages;17;6;G;AE;m;L14;G;BE;F;1
ham;17;6;G;AE;m;L14;G;BE;F;1
four;18;6;G;AE;m;L14;G;BE;F;1
adults;18;6;G;AE;m;L14;G;BE;F;1
working;18;6;G;AE;m;L14;G;BE;F;1
supermarket;18;6;G;AE;m;L14;G;BE;F;1
father;19;7;G;BE;f;L14;G;BE;F;1
looks;19;7;G;BE;f;L14;G;BE;F;1
son;19;7;G;BE;f;L14;G;BE;F;1
watering;19;7;G;BE;f;L14;G;BE;F;1
plants;19;7;G;BE;f;L14;G;BE;F;1
think;20;7;G;BE;f;L14;G;BE;F;1
are;20;7;G;BE;f;L14;G;BE;F;0
flowers;20;7;G;BE;f;L14;G;BE;F;1
onions;20;7;G;BE;f;L14;G;BE;F;1
something;20;7;G;BE;f;L14;G;BE;F;1
thick;20;7;G;BE;f;L14;G;BE;F;1
root;20;7;G;BE;f;L14;G;BE;F;1
dog;21;7;G;BE;f;L14;G;BE;F;1
seems;21;7;G;BE;f;L14;G;BE;F;1
interested;21;7;G;BE;f;L14;G;BE;F;1
snail;21;7;G;BE;f;L14;G;BE;F;1
baby;22;8;G;BE;m;L14;G;BE;F;1
trying;22;8;G;BE;m;L14;G;BE;F;0
feed;22;8;G;BE;m;L14;G;BE;F;0
one;22;8;G;BE;m;L14;G;BE;F;1
toys;22;8;G;BE;m;L14;G;BE;F;1
is;23;8;G;BE;m;L14;G;BE;F;0
window;23;8;G;BE;m;L14;G;BE;F;0
butterfly;23;8;G;BE;m;L14;G;BE;F;1
front;23;8;G;BE;m;L14;G;BE;F;1
see;24;8;G;BE;m;L14;G;BE;F;1
kitchenmachineries;24;8;G;BE;m;L14;G;BE;F;1
lying;24;8;G;BE;m;L14;G;BE;F;1
one;25;9;G;None;f;L14;G;BE;F;1
girls;25;9;G;None;f;L14;G;BE;F;1
buying;25;9;G;None;f;L14;G;BE;F;1
food;25;9;G;None;f;L14;G;BE;F;1
dog;25;9;G;None;f;L14;G;BE;F;1
see;26;9;G;None;f;L14;G;BE;F;1
children;26;9;G;None;f;L14;G;BE;F;1
have;26;9;G;None;f;L14;G;BE;F;1
blond;26;9;G;None;f;L14;G;BE;F;1
hair;26;9;G;None;f;L14;G;BE;F;1
little;27;9;G;None;f;L14;G;BE;F;1
boy;27;9;G;None;f;L14;G;BE;F;1
standing;27;9;G;None;f;L14;G;BE;F;1
front;27;9;G;None;f;L14;G;BE;F;1
cucumbers;27;9;G;None;f;L14;G;BE;F;1
mother;28;10;G;None;m;L14;G;BE;F;1
standing;28;10;G;None;m;L14;G;BE;F;1
front;28;10;G;None;m;L14;G;BE;F;1
refridgerator;28;10;G;None;m;L14;G;BE;F;1
looking;28;10;G;None;m;L14;G;BE;F;1
butter;28;10;G;None;m;L14;G;BE;F;1
dog;29;10;G;None;m;L14;G;BE;F;1
is;29;10;G;None;m;L14;G;BE;F;1
interested;29;10;G;None;m;L14;G;BE;F;1
meat;29;10;G;None;m;L14;G;BE;F;1
ground;30;10;G;None;m;L14;G;BE;F;0
lying;30;10;G;None;m;L14;G;BE;F;1
cookies;30;10;G;None;m;L14;G;BE;F;1
vegetables;30;10;G;None;m;L14;G;BE;F;1
planted;1;1;AE;NA;f;L15;G;BE;F;0
vergetablegarden;1;1;AE;NA;f;L15;G;BE;F;0
last;1;1;AE;NA;f;L15;G;BE;F;0
summer;1;1;AE;NA;f;L15;G;BE;F;1
is;2;1;AE;NA;f;L15;G;BE;F;1
weekend;2;1;AE;NA;f;L15;G;BE;F;1
whole;2;1;AE;NA;f;L15;G;BE;F;1
family;2;1;AE;NA;f;L15;G;BE;F;1
is;2;1;AE;NA;f;L15;G;BE;F;1
outside;2;1;AE;NA;f;L15;G;BE;F;1
have;3;1;AE;NA;f;L15;G;BE;F;1
nice;3;1;AE;NA;f;L15;G;BE;F;1
chair;3;1;AE;NA;f;L15;G;BE;F;1
sit;3;1;AE;NA;f;L15;G;BE;F;1
umbrella;3;1;AE;NA;f;L15;G;BE;F;1
motherbird;4;2;AE;NA;m;L15;G;BE;F;0
feeding;4;2;AE;NA;m;L15;G;BE;F;0
smaller;4;2;AE;NA;m;L15;G;BE;F;0
birds;4;2;AE;NA;m;L15;G;BE;F;0
farmer;5;2;AE;NA;m;L15;G;BE;F;0
helping;5;2;AE;NA;m;L15;G;BE;F;0
tractor;5;2;AE;NA;m;L15;G;BE;F;0
examining;5;2;AE;NA;m;L15;G;BE;F;0
dog;6;2;AE;NA;m;L15;G;BE;F;1
is;6;2;AE;NA;m;L15;G;BE;F;0
chained;6;2;AE;NA;m;L15;G;BE;F;0
bone;6;2;AE;NA;m;L15;G;BE;F;0
is;6;2;AE;NA;m;L15;G;BE;F;0
happy;6;2;AE;NA;m;L15;G;BE;F;0
is;7;3;BE;NA;f;L15;G;BE;F;0
interested;7;3;BE;NA;f;L15;G;BE;F;0
rabbits;7;3;BE;NA;f;L15;G;BE;F;1
sitting;7;3;BE;NA;f;L15;G;BE;F;1
farmyard;7;3;BE;NA;f;L15;G;BE;F;1
seems;8;3;BE;NA;f;L15;G;BE;F;0
emancipated;8;3;BE;NA;f;L15;G;BE;F;0
lady;8;3;BE;NA;f;L15;G;BE;F;0
driving;8;3;BE;NA;f;L15;G;BE;F;0
tractor;8;3;BE;NA;f;L15;G;BE;F;1
kitten;9;3;BE;NA;f;L15;G;BE;F;0
having;9;3;BE;NA;f;L15;G;BE;F;1
bowl;9;3;BE;NA;f;L15;G;BE;F;1
milk;9;3;BE;NA;f;L15;G;BE;F;1
is;10;4;BE;NA;m;L15;G;BE;F;1
teddybear;10;4;BE;NA;m;L15;G;BE;F;1
lying;10;4;BE;NA;m;L15;G;BE;F;1
middle;10;4;BE;NA;m;L15;G;BE;F;1
road;10;4;BE;NA;m;L15;G;BE;F;0
is;11;4;BE;NA;m;L15;G;BE;F;1
man;11;4;BE;NA;m;L15;G;BE;F;1
walking;11;4;BE;NA;m;L15;G;BE;F;1
dog;11;4;BE;NA;m;L15;G;BE;F;1
talking;11;4;BE;NA;m;L15;G;BE;F;0
phone;11;4;BE;NA;m;L15;G;BE;F;0
is;12;4;BE;NA;m;L15;G;BE;F;0
little;12;4;BE;NA;m;L15;G;BE;F;0
boy;12;4;BE;NA;m;L15;G;BE;F;1
eating;12;4;BE;NA;m;L15;G;BE;F;1
icecream;12;4;BE;NA;m;L15;G;BE;F;1
is;13;5;G;AE;f;L15;G;BE;F;1
guy;13;5;G;AE;f;L15;G;BE;F;1
reading;13;5;G;AE;f;L15;G;BE;F;1
newspaper;13;5;G;AE;f;L15;G;BE;F;1
is;14;5;G;AE;f;L15;G;BE;F;1
cab;14;5;G;AE;f;L15;G;BE;F;0
seems;14;5;G;AE;f;L15;G;BE;F;1
gotton;14;5;G;AE;f;L15;G;BE;F;1
accident;14;5;G;AE;f;L15;G;BE;F;1
holds;15;5;G;AE;f;L15;G;BE;F;0
little;15;5;G;AE;f;L15;G;BE;F;0
leather;15;5;G;AE;f;L15;G;BE;F;0
purse;15;5;G;AE;f;L15;G;BE;F;0
looks;15;5;G;AE;f;L15;G;BE;F;1
happy;15;5;G;AE;f;L15;G;BE;F;1
girl;16;6;G;AE;m;L15;G;BE;F;0
paying;16;6;G;AE;m;L15;G;BE;F;0
woman;16;6;G;AE;m;L15;G;BE;F;1
checkout;16;6;G;AE;m;L15;G;BE;F;1
guess;16;6;G;AE;m;L15;G;BE;F;1
another;17;6;G;AE;m;L15;G;BE;F;0
one;17;6;G;AE;m;L15;G;BE;F;0
selling;17;6;G;AE;m;L15;G;BE;F;0
sausages;17;6;G;AE;m;L15;G;BE;F;1
ham;17;6;G;AE;m;L15;G;BE;F;1
four;18;6;G;AE;m;L15;G;BE;F;1
adults;18;6;G;AE;m;L15;G;BE;F;1
working;18;6;G;AE;m;L15;G;BE;F;1
supermarket;18;6;G;AE;m;L15;G;BE;F;1
father;19;7;G;BE;f;L15;G;BE;F;0
looks;19;7;G;BE;f;L15;G;BE;F;0
son;19;7;G;BE;f;L15;G;BE;F;0
watering;19;7;G;BE;f;L15;G;BE;F;1
plants;19;7;G;BE;f;L15;G;BE;F;1
think;20;7;G;BE;f;L15;G;BE;F;1
are;20;7;G;BE;f;L15;G;BE;F;1
flowers;20;7;G;BE;f;L15;G;BE;F;1
onions;20;7;G;BE;f;L15;G;BE;F;1
something;20;7;G;BE;f;L15;G;BE;F;1
thick;20;7;G;BE;f;L15;G;BE;F;1
root;20;7;G;BE;f;L15;G;BE;F;1
dog;21;7;G;BE;f;L15;G;BE;F;1
seems;21;7;G;BE;f;L15;G;BE;F;1
interested;21;7;G;BE;f;L15;G;BE;F;1
snail;21;7;G;BE;f;L15;G;BE;F;0
baby;22;8;G;BE;m;L15;G;BE;F;0
trying;22;8;G;BE;m;L15;G;BE;F;0
feed;22;8;G;BE;m;L15;G;BE;F;0
one;22;8;G;BE;m;L15;G;BE;F;0
toys;22;8;G;BE;m;L15;G;BE;F;0
is;23;8;G;BE;m;L15;G;BE;F;0
window;23;8;G;BE;m;L15;G;BE;F;0
butterfly;23;8;G;BE;m;L15;G;BE;F;1
front;23;8;G;BE;m;L15;G;BE;F;1
see;24;8;G;BE;m;L15;G;BE;F;1
kitchenmachineries;24;8;G;BE;m;L15;G;BE;F;1
lying;24;8;G;BE;m;L15;G;BE;F;0
one;25;9;G;None;f;L15;G;BE;F;1
girls;25;9;G;None;f;L15;G;BE;F;1
buying;25;9;G;None;f;L15;G;BE;F;1
food;25;9;G;None;f;L15;G;BE;F;1
dog;25;9;G;None;f;L15;G;BE;F;1
see;26;9;G;None;f;L15;G;BE;F;1
children;26;9;G;None;f;L15;G;BE;F;1
have;26;9;G;None;f;L15;G;BE;F;1
blond;26;9;G;None;f;L15;G;BE;F;1
hair;26;9;G;None;f;L15;G;BE;F;1
little;27;9;G;None;f;L15;G;BE;F;1
boy;27;9;G;None;f;L15;G;BE;F;1
standing;27;9;G;None;f;L15;G;BE;F;1
front;27;9;G;None;f;L15;G;BE;F;1
cucumbers;27;9;G;None;f;L15;G;BE;F;1
mother;28;10;G;None;m;L15;G;BE;F;1
standing;28;10;G;None;m;L15;G;BE;F;1
front;28;10;G;None;m;L15;G;BE;F;1
refridgerator;28;10;G;None;m;L15;G;BE;F;1
looking;28;10;G;None;m;L15;G;BE;F;1
butter;28;10;G;None;m;L15;G;BE;F;1
dog;29;10;G;None;m;L15;G;BE;F;1
is;29;10;G;None;m;L15;G;BE;F;0
interested;29;10;G;None;m;L15;G;BE;F;0
meat;29;10;G;None;m;L15;G;BE;F;1
ground;30;10;G;None;m;L15;G;BE;F;1
lying;30;10;G;None;m;L15;G;BE;F;1
cookies;30;10;G;None;m;L15;G;BE;F;1
vegetables;30;10;G;None;m;L15;G;BE;F;1
planted;1;1;AE;NA;f;L16;G;BE;F;0
vergetablegarden;1;1;AE;NA;f;L16;G;BE;F;0
last;1;1;AE;NA;f;L16;G;BE;F;1
summer;1;1;AE;NA;f;L16;G;BE;F;1
is;2;1;AE;NA;f;L16;G;BE;F;1
weekend;2;1;AE;NA;f;L16;G;BE;F;1
whole;2;1;AE;NA;f;L16;G;BE;F;1
family;2;1;AE;NA;f;L16;G;BE;F;1
is;2;1;AE;NA;f;L16;G;BE;F;1
outside;2;1;AE;NA;f;L16;G;BE;F;1
have;3;1;AE;NA;f;L16;G;BE;F;1
nice;3;1;AE;NA;f;L16;G;BE;F;1
chair;3;1;AE;NA;f;L16;G;BE;F;1
sit;3;1;AE;NA;f;L16;G;BE;F;1
umbrella;3;1;AE;NA;f;L16;G;BE;F;1
motherbird;4;2;AE;NA;m;L16;G;BE;F;0
feeding;4;2;AE;NA;m;L16;G;BE;F;0
smaller;4;2;AE;NA;m;L16;G;BE;F;0
birds;4;2;AE;NA;m;L16;G;BE;F;0
farmer;5;2;AE;NA;m;L16;G;BE;F;1
helping;5;2;AE;NA;m;L16;G;BE;F;0
tractor;5;2;AE;NA;m;L16;G;BE;F;1
examining;5;2;AE;NA;m;L16;G;BE;F;0
dog;6;2;AE;NA;m;L16;G;BE;F;1
is;6;2;AE;NA;m;L16;G;BE;F;1
chained;6;2;AE;NA;m;L16;G;BE;F;0
bone;6;2;AE;NA;m;L16;G;BE;F;0
is;6;2;AE;NA;m;L16;G;BE;F;1
happy;6;2;AE;NA;m;L16;G;BE;F;1
is;7;3;BE;NA;f;L16;G;BE;F;0
interested;7;3;BE;NA;f;L16;G;BE;F;0
rabbits;7;3;BE;NA;f;L16;G;BE;F;0
sitting;7;3;BE;NA;f;L16;G;BE;F;0
farmyard;7;3;BE;NA;f;L16;G;BE;F;0
seems;8;3;BE;NA;f;L16;G;BE;F;1
emancipated;8;3;BE;NA;f;L16;G;BE;F;1
lady;8;3;BE;NA;f;L16;G;BE;F;0
driving;8;3;BE;NA;f;L16;G;BE;F;1
tractor;8;3;BE;NA;f;L16;G;BE;F;1
kitten;9;3;BE;NA;f;L16;G;BE;F;1
having;9;3;BE;NA;f;L16;G;BE;F;1
bowl;9;3;BE;NA;f;L16;G;BE;F;1
milk;9;3;BE;NA;f;L16;G;BE;F;1
is;10;4;BE;NA;m;L16;G;BE;F;1
teddybear;10;4;BE;NA;m;L16;G;BE;F;1
lying;10;4;BE;NA;m;L16;G;BE;F;1
middle;10;4;BE;NA;m;L16;G;BE;F;1
road;10;4;BE;NA;m;L16;G;BE;F;1
is;11;4;BE;NA;m;L16;G;BE;F;1
man;11;4;BE;NA;m;L16;G;BE;F;1
walking;11;4;BE;NA;m;L16;G;BE;F;1
dog;11;4;BE;NA;m;L16;G;BE;F;1
talking;11;4;BE;NA;m;L16;G;BE;F;1
phone;11;4;BE;NA;m;L16;G;BE;F;0
is;12;4;BE;NA;m;L16;G;BE;F;1
little;12;4;BE;NA;m;L16;G;BE;F;1
boy;12;4;BE;NA;m;L16;G;BE;F;1
eating;12;4;BE;NA;m;L16;G;BE;F;1
icecream;12;4;BE;NA;m;L16;G;BE;F;1
is;13;5;G;AE;f;L16;G;BE;F;1
guy;13;5;G;AE;f;L16;G;BE;F;1
reading;13;5;G;AE;f;L16;G;BE;F;1
newspaper;13;5;G;AE;f;L16;G;BE;F;1
is;14;5;G;AE;f;L16;G;BE;F;1
cab;14;5;G;AE;f;L16;G;BE;F;0
seems;14;5;G;AE;f;L16;G;BE;F;1
gotton;14;5;G;AE;f;L16;G;BE;F;0
accident;14;5;G;AE;f;L16;G;BE;F;0
holds;15;5;G;AE;f;L16;G;BE;F;0
little;15;5;G;AE;f;L16;G;BE;F;0
leather;15;5;G;AE;f;L16;G;BE;F;0
purse;15;5;G;AE;f;L16;G;BE;F;0
looks;15;5;G;AE;f;L16;G;BE;F;1
happy;15;5;G;AE;f;L16;G;BE;F;1
girl;16;6;G;AE;m;L16;G;BE;F;1
paying;16;6;G;AE;m;L16;G;BE;F;1
woman;16;6;G;AE;m;L16;G;BE;F;1
checkout;16;6;G;AE;m;L16;G;BE;F;1
guess;16;6;G;AE;m;L16;G;BE;F;1
another;17;6;G;AE;m;L16;G;BE;F;0
one;17;6;G;AE;m;L16;G;BE;F;0
selling;17;6;G;AE;m;L16;G;BE;F;0
sausages;17;6;G;AE;m;L16;G;BE;F;0
ham;17;6;G;AE;m;L16;G;BE;F;1
four;18;6;G;AE;m;L16;G;BE;F;1
adults;18;6;G;AE;m;L16;G;BE;F;1
working;18;6;G;AE;m;L16;G;BE;F;1
supermarket;18;6;G;AE;m;L16;G;BE;F;1
father;19;7;G;BE;f;L16;G;BE;F;1
looks;19;7;G;BE;f;L16;G;BE;F;1
son;19;7;G;BE;f;L16;G;BE;F;1
watering;19;7;G;BE;f;L16;G;BE;F;1
plants;19;7;G;BE;f;L16;G;BE;F;1
think;20;7;G;BE;f;L16;G;BE;F;1
are;20;7;G;BE;f;L16;G;BE;F;1
flowers;20;7;G;BE;f;L16;G;BE;F;1
onions;20;7;G;BE;f;L16;G;BE;F;1
something;20;7;G;BE;f;L16;G;BE;F;1
thick;20;7;G;BE;f;L16;G;BE;F;1
root;20;7;G;BE;f;L16;G;BE;F;1
dog;21;7;G;BE;f;L16;G;BE;F;1
seems;21;7;G;BE;f;L16;G;BE;F;1
interested;21;7;G;BE;f;L16;G;BE;F;1
snail;21;7;G;BE;f;L16;G;BE;F;0
baby;22;8;G;BE;m;L16;G;BE;F;1
trying;22;8;G;BE;m;L16;G;BE;F;0
feed;22;8;G;BE;m;L16;G;BE;F;0
one;22;8;G;BE;m;L16;G;BE;F;1
toys;22;8;G;BE;m;L16;G;BE;F;1
is;23;8;G;BE;m;L16;G;BE;F;0
window;23;8;G;BE;m;L16;G;BE;F;0
butterfly;23;8;G;BE;m;L16;G;BE;F;1
front;23;8;G;BE;m;L16;G;BE;F;0
see;24;8;G;BE;m;L16;G;BE;F;1
kitchenmachineries;24;8;G;BE;m;L16;G;BE;F;1
lying;24;8;G;BE;m;L16;G;BE;F;1
one;25;9;G;None;f;L16;G;BE;F;1
girls;25;9;G;None;f;L16;G;BE;F;1
buying;25;9;G;None;f;L16;G;BE;F;1
food;25;9;G;None;f;L16;G;BE;F;1
dog;25;9;G;None;f;L16;G;BE;F;1
see;26;9;G;None;f;L16;G;BE;F;0
children;26;9;G;None;f;L16;G;BE;F;1
have;26;9;G;None;f;L16;G;BE;F;1
blond;26;9;G;None;f;L16;G;BE;F;1
hair;26;9;G;None;f;L16;G;BE;F;1
little;27;9;G;None;f;L16;G;BE;F;1
boy;27;9;G;None;f;L16;G;BE;F;1
standing;27;9;G;None;f;L16;G;BE;F;1
front;27;9;G;None;f;L16;G;BE;F;1
cucumbers;27;9;G;None;f;L16;G;BE;F;1
mother;28;10;G;None;m;L16;G;BE;F;1
standing;28;10;G;None;m;L16;G;BE;F;1
front;28;10;G;None;m;L16;G;BE;F;1
refridgerator;28;10;G;None;m;L16;G;BE;F;1
looking;28;10;G;None;m;L16;G;BE;F;1
butter;28;10;G;None;m;L16;G;BE;F;1
dog;29;10;G;None;m;L16;G;BE;F;1
is;29;10;G;None;m;L16;G;BE;F;1
interested;29;10;G;None;m;L16;G;BE;F;1
meat;29;10;G;None;m;L16;G;BE;F;1
ground;30;10;G;None;m;L16;G;BE;F;0
lying;30;10;G;None;m;L16;G;BE;F;1
cookies;30;10;G;None;m;L16;G;BE;F;1
vegetables;30;10;G;None;m;L16;G;BE;F;1
planted;1;1;AE;NA;f;L17;G;None;F;0
vergetablegarden;1;1;AE;NA;f;L17;G;None;F;0
last;1;1;AE;NA;f;L17;G;None;F;1
summer;1;1;AE;NA;f;L17;G;None;F;1
is;2;1;AE;NA;f;L17;G;None;F;1
weekend;2;1;AE;NA;f;L17;G;None;F;1
whole;2;1;AE;NA;f;L17;G;None;F;1
family;2;1;AE;NA;f;L17;G;None;F;1
is;2;1;AE;NA;f;L17;G;None;F;1
outside;2;1;AE;NA;f;L17;G;None;F;1
have;3;1;AE;NA;f;L17;G;None;F;1
nice;3;1;AE;NA;f;L17;G;None;F;1
chair;3;1;AE;NA;f;L17;G;None;F;1
sit;3;1;AE;NA;f;L17;G;None;F;1
umbrella;3;1;AE;NA;f;L17;G;None;F;1
motherbird;4;2;AE;NA;m;L17;G;None;F;1
feeding;4;2;AE;NA;m;L17;G;None;F;0
smaller;4;2;AE;NA;m;L17;G;None;F;0
birds;4;2;AE;NA;m;L17;G;None;F;0
farmer;5;2;AE;NA;m;L17;G;None;F;1
helping;5;2;AE;NA;m;L17;G;None;F;0
tractor;5;2;AE;NA;m;L17;G;None;F;1
examining;5;2;AE;NA;m;L17;G;None;F;0
dog;6;2;AE;NA;m;L17;G;None;F;1
is;6;2;AE;NA;m;L17;G;None;F;1
chained;6;2;AE;NA;m;L17;G;None;F;1
bone;6;2;AE;NA;m;L17;G;None;F;0
is;6;2;AE;NA;m;L17;G;None;F;0
happy;6;2;AE;NA;m;L17;G;None;F;0
is;7;3;BE;NA;f;L17;G;None;F;0
interested;7;3;BE;NA;f;L17;G;None;F;0
rabbits;7;3;BE;NA;f;L17;G;None;F;1
sitting;7;3;BE;NA;f;L17;G;None;F;0
farmyard;7;3;BE;NA;f;L17;G;None;F;0
seems;8;3;BE;NA;f;L17;G;None;F;1
emancipated;8;3;BE;NA;f;L17;G;None;F;1
lady;8;3;BE;NA;f;L17;G;None;F;0
driving;8;3;BE;NA;f;L17;G;None;F;1
tractor;8;3;BE;NA;f;L17;G;None;F;1
kitten;9;3;BE;NA;f;L17;G;None;F;1
having;9;3;BE;NA;f;L17;G;None;F;1
bowl;9;3;BE;NA;f;L17;G;None;F;1
milk;9;3;BE;NA;f;L17;G;None;F;1
is;10;4;BE;NA;m;L17;G;None;F;
teddybear;10;4;BE;NA;m;L17;G;None;F;1
lying;10;4;BE;NA;m;L17;G;None;F;1
middle;10;4;BE;NA;m;L17;G;None;F;1
road;10;4;BE;NA;m;L17;G;None;F;0
is;11;4;BE;NA;m;L17;G;None;F;1
man;11;4;BE;NA;m;L17;G;None;F;1
walking;11;4;BE;NA;m;L17;G;None;F;1
dog;11;4;BE;NA;m;L17;G;None;F;1
talking;11;4;BE;NA;m;L17;G;None;F;1
phone;11;4;BE;NA;m;L17;G;None;F;0
is;12;4;BE;NA;m;L17;G;None;F;1
little;12;4;BE;NA;m;L17;G;None;F;0
boy;12;4;BE;NA;m;L17;G;None;F;1
eating;12;4;BE;NA;m;L17;G;None;F;1
icecream;12;4;BE;NA;m;L17;G;None;F;1
is;13;5;G;AE;f;L17;G;None;F;1
guy;13;5;G;AE;f;L17;G;None;F;1
reading;13;5;G;AE;f;L17;G;None;F;1
newspaper;13;5;G;AE;f;L17;G;None;F;1
is;14;5;G;AE;f;L17;G;None;F;1
cab;14;5;G;AE;f;L17;G;None;F;0
seems;14;5;G;AE;f;L17;G;None;F;1
gotton;14;5;G;AE;f;L17;G;None;F;1
accident;14;5;G;AE;f;L17;G;None;F;1
holds;15;5;G;AE;f;L17;G;None;F;0
little;15;5;G;AE;f;L17;G;None;F;0
leather;15;5;G;AE;f;L17;G;None;F;0
purse;15;5;G;AE;f;L17;G;None;F;0
looks;15;5;G;AE;f;L17;G;None;F;0
happy;15;5;G;AE;f;L17;G;None;F;1
girl;16;6;G;AE;m;L17;G;None;F;1
paying;16;6;G;AE;m;L17;G;None;F;0
woman;16;6;G;AE;m;L17;G;None;F;1
checkout;16;6;G;AE;m;L17;G;None;F;1
guess;16;6;G;AE;m;L17;G;None;F;1
another;17;6;G;AE;m;L17;G;None;F;0
one;17;6;G;AE;m;L17;G;None;F;0
selling;17;6;G;AE;m;L17;G;None;F;1
sausages;17;6;G;AE;m;L17;G;None;F;1
ham;17;6;G;AE;m;L17;G;None;F;1
four;18;6;G;AE;m;L17;G;None;F;1
adults;18;6;G;AE;m;L17;G;None;F;1
working;18;6;G;AE;m;L17;G;None;F;1
supermarket;18;6;G;AE;m;L17;G;None;F;1
father;19;7;G;BE;f;L17;G;None;F;1
looks;19;7;G;BE;f;L17;G;None;F;1
son;19;7;G;BE;f;L17;G;None;F;1
watering;19;7;G;BE;f;L17;G;None;F;1
plants;19;7;G;BE;f;L17;G;None;F;1
think;20;7;G;BE;f;L17;G;None;F;1
are;20;7;G;BE;f;L17;G;None;F;0
flowers;20;7;G;BE;f;L17;G;None;F;1
onions;20;7;G;BE;f;L17;G;None;F;1
something;20;7;G;BE;f;L17;G;None;F;1
thick;20;7;G;BE;f;L17;G;None;F;0
root;20;7;G;BE;f;L17;G;None;F;0
dog;21;7;G;BE;f;L17;G;None;F;1
seems;21;7;G;BE;f;L17;G;None;F;1
interested;21;7;G;BE;f;L17;G;None;F;1
snail;21;7;G;BE;f;L17;G;None;F;0
baby;22;8;G;BE;m;L17;G;None;F;1
trying;22;8;G;BE;m;L17;G;None;F;0
feed;22;8;G;BE;m;L17;G;None;F;0
one;22;8;G;BE;m;L17;G;None;F;1
toys;22;8;G;BE;m;L17;G;None;F;0
is;23;8;G;BE;m;L17;G;None;F;0
window;23;8;G;BE;m;L17;G;None;F;0
butterfly;23;8;G;BE;m;L17;G;None;F;1
front;23;8;G;BE;m;L17;G;None;F;0
see;24;8;G;BE;m;L17;G;None;F;NA
kitchenmachineries;24;8;G;BE;m;L17;G;None;F;NA
lying;24;8;G;BE;m;L17;G;None;F;NA
one;25;9;G;None;f;L17;G;None;F;1
girls;25;9;G;None;f;L17;G;None;F;1
buying;25;9;G;None;f;L17;G;None;F;1
food;25;9;G;None;f;L17;G;None;F;1
dog;25;9;G;None;f;L17;G;None;F;1
see;26;9;G;None;f;L17;G;None;F;1
children;26;9;G;None;f;L17;G;None;F;1
have;26;9;G;None;f;L17;G;None;F;1
blond;26;9;G;None;f;L17;G;None;F;1
hair;26;9;G;None;f;L17;G;None;F;1
little;27;9;G;None;f;L17;G;None;F;1
boy;27;9;G;None;f;L17;G;None;F;1
standing;27;9;G;None;f;L17;G;None;F;1
front;27;9;G;None;f;L17;G;None;F;1
cucumbers;27;9;G;None;f;L17;G;None;F;1
mother;28;10;G;None;m;L17;G;None;F;1
standing;28;10;G;None;m;L17;G;None;F;1
front;28;10;G;None;m;L17;G;None;F;1
refridgerator;28;10;G;None;m;L17;G;None;F;1
looking;28;10;G;None;m;L17;G;None;F;1
butter;28;10;G;None;m;L17;G;None;F;1
dog;29;10;G;None;m;L17;G;None;F;1
is;29;10;G;None;m;L17;G;None;F;1
interested;29;10;G;None;m;L17;G;None;F;1
meat;29;10;G;None;m;L17;G;None;F;1
ground;30;10;G;None;m;L17;G;None;F;1
lying;30;10;G;None;m;L17;G;None;F;1
cookies;30;10;G;None;m;L17;G;None;F;1
vegetables;30;10;G;None;m;L17;G;None;F;1
planted;1;1;AE;NA;f;L18;G;None;F;1
vergetablegarden;1;1;AE;NA;f;L18;G;None;F;1
last;1;1;AE;NA;f;L18;G;None;F;1
summer;1;1;AE;NA;f;L18;G;None;F;1
is;2;1;AE;NA;f;L18;G;None;F;1
weekend;2;1;AE;NA;f;L18;G;None;F;1
whole;2;1;AE;NA;f;L18;G;None;F;1
family;2;1;AE;NA;f;L18;G;None;F;1
is;2;1;AE;NA;f;L18;G;None;F;1
outside;2;1;AE;NA;f;L18;G;None;F;1
have;3;1;AE;NA;f;L18;G;None;F;1
nice;3;1;AE;NA;f;L18;G;None;F;1
chair;3;1;AE;NA;f;L18;G;None;F;1
sit;3;1;AE;NA;f;L18;G;None;F;1
umbrella;3;1;AE;NA;f;L18;G;None;F;1
motherbird;4;2;AE;NA;m;L18;G;None;F;1
feeding;4;2;AE;NA;m;L18;G;None;F;1
smaller;4;2;AE;NA;m;L18;G;None;F;1
birds;4;2;AE;NA;m;L18;G;None;F;1
farmer;5;2;AE;NA;m;L18;G;None;F;1
helping;5;2;AE;NA;m;L18;G;None;F;0
tractor;5;2;AE;NA;m;L18;G;None;F;1
examining;5;2;AE;NA;m;L18;G;None;F;0
dog;6;2;AE;NA;m;L18;G;None;F;1
is;6;2;AE;NA;m;L18;G;None;F;1
chained;6;2;AE;NA;m;L18;G;None;F;0
bone;6;2;AE;NA;m;L18;G;None;F;
is;6;2;AE;NA;m;L18;G;None;F;0
happy;6;2;AE;NA;m;L18;G;None;F;0
is;7;3;BE;NA;f;L18;G;None;F;0
interested;7;3;BE;NA;f;L18;G;None;F;0
rabbits;7;3;BE;NA;f;L18;G;None;F;1
sitting;7;3;BE;NA;f;L18;G;None;F;1
farmyard;7;3;BE;NA;f;L18;G;None;F;0
seems;8;3;BE;NA;f;L18;G;None;F;1
emancipated;8;3;BE;NA;f;L18;G;None;F;1
lady;8;3;BE;NA;f;L18;G;None;F;0
driving;8;3;BE;NA;f;L18;G;None;F;1
tractor;8;3;BE;NA;f;L18;G;None;F;1
kitten;9;3;BE;NA;f;L18;G;None;F;1
having;9;3;BE;NA;f;L18;G;None;F;1
bowl;9;3;BE;NA;f;L18;G;None;F;0
milk;9;3;BE;NA;f;L18;G;None;F;1
is;10;4;BE;NA;m;L18;G;None;F;1
teddybear;10;4;BE;NA;m;L18;G;None;F;1
lying;10;4;BE;NA;m;L18;G;None;F;1
middle;10;4;BE;NA;m;L18;G;None;F;1
road;10;4;BE;NA;m;L18;G;None;F;1
is;11;4;BE;NA;m;L18;G;None;F;1
man;11;4;BE;NA;m;L18;G;None;F;1
walking;11;4;BE;NA;m;L18;G;None;F;1
dog;11;4;BE;NA;m;L18;G;None;F;1
talking;11;4;BE;NA;m;L18;G;None;F;0
phone;11;4;BE;NA;m;L18;G;None;F;0
is;12;4;BE;NA;m;L18;G;None;F;1
little;12;4;BE;NA;m;L18;G;None;F;0
boy;12;4;BE;NA;m;L18;G;None;F;1
eating;12;4;BE;NA;m;L18;G;None;F;1
icecream;12;4;BE;NA;m;L18;G;None;F;1
is;13;5;G;AE;f;L18;G;None;F;1
guy;13;5;G;AE;f;L18;G;None;F;1
reading;13;5;G;AE;f;L18;G;None;F;1
newspaper;13;5;G;AE;f;L18;G;None;F;1
is;14;5;G;AE;f;L18;G;None;F;1
cab;14;5;G;AE;f;L18;G;None;F;0
seems;14;5;G;AE;f;L18;G;None;F;1
gotton;14;5;G;AE;f;L18;G;None;F;0
accident;14;5;G;AE;f;L18;G;None;F;1
holds;15;5;G;AE;f;L18;G;None;F;0
little;15;5;G;AE;f;L18;G;None;F;0
leather;15;5;G;AE;f;L18;G;None;F;1
purse;15;5;G;AE;f;L18;G;None;F;1
looks;15;5;G;AE;f;L18;G;None;F;0
happy;15;5;G;AE;f;L18;G;None;F;1
girl;16;6;G;AE;m;L18;G;None;F;0
paying;16;6;G;AE;m;L18;G;None;F;0
woman;16;6;G;AE;m;L18;G;None;F;1
checkout;16;6;G;AE;m;L18;G;None;F;1
guess;16;6;G;AE;m;L18;G;None;F;0
another;17;6;G;AE;m;L18;G;None;F;1
one;17;6;G;AE;m;L18;G;None;F;1
selling;17;6;G;AE;m;L18;G;None;F;1
sausages;17;6;G;AE;m;L18;G;None;F;1
ham;17;6;G;AE;m;L18;G;None;F;1
four;18;6;G;AE;m;L18;G;None;F;0
adults;18;6;G;AE;m;L18;G;None;F;0
working;18;6;G;AE;m;L18;G;None;F;0
supermarket;18;6;G;AE;m;L18;G;None;F;1
father;19;7;G;BE;f;L18;G;None;F;1
looks;19;7;G;BE;f;L18;G;None;F;1
son;19;7;G;BE;f;L18;G;None;F;0
watering;19;7;G;BE;f;L18;G;None;F;1
plants;19;7;G;BE;f;L18;G;None;F;1
think;20;7;G;BE;f;L18;G;None;F;1
are;20;7;G;BE;f;L18;G;None;F;0
flowers;20;7;G;BE;f;L18;G;None;F;1
onions;20;7;G;BE;f;L18;G;None;F;1
something;20;7;G;BE;f;L18;G;None;F;0
thick;20;7;G;BE;f;L18;G;None;F;1
root;20;7;G;BE;f;L18;G;None;F;0
dog;21;7;G;BE;f;L18;G;None;F;1
seems;21;7;G;BE;f;L18;G;None;F;1
interested;21;7;G;BE;f;L18;G;None;F;1
snail;21;7;G;BE;f;L18;G;None;F;1
baby;22;8;G;BE;m;L18;G;None;F;1
trying;22;8;G;BE;m;L18;G;None;F;0
feed;22;8;G;BE;m;L18;G;None;F;0
one;22;8;G;BE;m;L18;G;None;F;0
toys;22;8;G;BE;m;L18;G;None;F;1
is;23;8;G;BE;m;L18;G;None;F;0
window;23;8;G;BE;m;L18;G;None;F;1
butterfly;23;8;G;BE;m;L18;G;None;F;1
front;23;8;G;BE;m;L18;G;None;F;0
see;24;8;G;BE;m;L18;G;None;F;1
kitchenmachineries;24;8;G;BE;m;L18;G;None;F;1
lying;24;8;G;BE;m;L18;G;None;F;1
one;25;9;G;None;f;L18;G;None;F;1
girls;25;9;G;None;f;L18;G;None;F;1
buying;25;9;G;None;f;L18;G;None;F;1
food;25;9;G;None;f;L18;G;None;F;1
dog;25;9;G;None;f;L18;G;None;F;1
see;26;9;G;None;f;L18;G;None;F;1
children;26;9;G;None;f;L18;G;None;F;1
have;26;9;G;None;f;L18;G;None;F;1
blond;26;9;G;None;f;L18;G;None;F;1
hair;26;9;G;None;f;L18;G;None;F;1
little;27;9;G;None;f;L18;G;None;F;1
boy;27;9;G;None;f;L18;G;None;F;1
standing;27;9;G;None;f;L18;G;None;F;1
front;27;9;G;None;f;L18;G;None;F;1
cucumbers;27;9;G;None;f;L18;G;None;F;0
mother;28;10;G;None;m;L18;G;None;F;1
standing;28;10;G;None;m;L18;G;None;F;1
front;28;10;G;None;m;L18;G;None;F;1
refridgerator;28;10;G;None;m;L18;G;None;F;1
looking;28;10;G;None;m;L18;G;None;F;1
butter;28;10;G;None;m;L18;G;None;F;1
dog;29;10;G;None;m;L18;G;None;F;1
is;29;10;G;None;m;L18;G;None;F;1
interested;29;10;G;None;m;L18;G;None;F;1
meat;29;10;G;None;m;L18;G;None;F;1
ground;30;10;G;None;m;L18;G;None;F;1
lying;30;10;G;None;m;L18;G;None;F;1
cookies;30;10;G;None;m;L18;G;None;F;1
vegetables;30;10;G;None;m;L18;G;None;F;1
planted;1;1;AE;NA;f;L19;G;None;M;0
vergetablegarden;1;1;AE;NA;f;L19;G;None;M;1
last;1;1;AE;NA;f;L19;G;None;M;1
summer;1;1;AE;NA;f;L19;G;None;M;1
is;2;1;AE;NA;f;L19;G;None;M;1
weekend;2;1;AE;NA;f;L19;G;None;M;1
whole;2;1;AE;NA;f;L19;G;None;M;1
family;2;1;AE;NA;f;L19;G;None;M;1
is;2;1;AE;NA;f;L19;G;None;M;1
outside;2;1;AE;NA;f;L19;G;None;M;1
have;3;1;AE;NA;f;L19;G;None;M;1
nice;3;1;AE;NA;f;L19;G;None;M;1
chair;3;1;AE;NA;f;L19;G;None;M;1
sit;3;1;AE;NA;f;L19;G;None;M;1
umbrella;3;1;AE;NA;f;L19;G;None;M;1
motherbird;4;2;AE;NA;m;L19;G;None;M;1
feeding;4;2;AE;NA;m;L19;G;None;M;0
smaller;4;2;AE;NA;m;L19;G;None;M;0
birds;4;2;AE;NA;m;L19;G;None;M;1
farmer;5;2;AE;NA;m;L19;G;None;M;1
helping;5;2;AE;NA;m;L19;G;None;M;1
tractor;5;2;AE;NA;m;L19;G;None;M;1
examining;5;2;AE;NA;m;L19;G;None;M;1
dog;6;2;AE;NA;m;L19;G;None;M;1
is;6;2;AE;NA;m;L19;G;None;M;1
chained;6;2;AE;NA;m;L19;G;None;M;0
bone;6;2;AE;NA;m;L19;G;None;M;0
is;6;2;AE;NA;m;L19;G;None;M;0
happy;6;2;AE;NA;m;L19;G;None;M;0
is;7;3;BE;NA;f;L19;G;None;M;NA
interested;7;3;BE;NA;f;L19;G;None;M;NA
rabbits;7;3;BE;NA;f;L19;G;None;M;NA
sitting;7;3;BE;NA;f;L19;G;None;M;NA
farmyard;7;3;BE;NA;f;L19;G;None;M;NA
seems;8;3;BE;NA;f;L19;G;None;M;0
emancipated;8;3;BE;NA;f;L19;G;None;M;0
lady;8;3;BE;NA;f;L19;G;None;M;0
driving;8;3;BE;NA;f;L19;G;None;M;1
tractor;8;3;BE;NA;f;L19;G;None;M;1
kitten;9;3;BE;NA;f;L19;G;None;M;0
having;9;3;BE;NA;f;L19;G;None;M;1
bowl;9;3;BE;NA;f;L19;G;None;M;0
milk;9;3;BE;NA;f;L19;G;None;M;1
is;10;4;BE;NA;m;L19;G;None;M;1
teddybear;10;4;BE;NA;m;L19;G;None;M;1
lying;10;4;BE;NA;m;L19;G;None;M;1
middle;10;4;BE;NA;m;L19;G;None;M;1
road;10;4;BE;NA;m;L19;G;None;M;0
is;11;4;BE;NA;m;L19;G;None;M;1
man;11;4;BE;NA;m;L19;G;None;M;1
walking;11;4;BE;NA;m;L19;G;None;M;1
dog;11;4;BE;NA;m;L19;G;None;M;1
talking;11;4;BE;NA;m;L19;G;None;M;1
phone;11;4;BE;NA;m;L19;G;None;M;1
is;12;4;BE;NA;m;L19;G;None;M;1
little;12;4;BE;NA;m;L19;G;None;M;0
boy;12;4;BE;NA;m;L19;G;None;M;1
eating;12;4;BE;NA;m;L19;G;None;M;1
icecream;12;4;BE;NA;m;L19;G;None;M;1
is;13;5;G;AE;f;L19;G;None;M;1
guy;13;5;G;AE;f;L19;G;None;M;1
reading;13;5;G;AE;f;L19;G;None;M;1
newspaper;13;5;G;AE;f;L19;G;None;M;1
is;14;5;G;AE;f;L19;G;None;M;1
cab;14;5;G;AE;f;L19;G;None;M;1
seems;14;5;G;AE;f;L19;G;None;M;1
gotton;14;5;G;AE;f;L19;G;None;M;0
accident;14;5;G;AE;f;L19;G;None;M;1
holds;15;5;G;AE;f;L19;G;None;M;0
little;15;5;G;AE;f;L19;G;None;M;1
leather;15;5;G;AE;f;L19;G;None;M;0
purse;15;5;G;AE;f;L19;G;None;M;0
looks;15;5;G;AE;f;L19;G;None;M;0
happy;15;5;G;AE;f;L19;G;None;M;0
girl;16;6;G;AE;m;L19;G;None;M;1
paying;16;6;G;AE;m;L19;G;None;M;1
woman;16;6;G;AE;m;L19;G;None;M;0
checkout;16;6;G;AE;m;L19;G;None;M;1
guess;16;6;G;AE;m;L19;G;None;M;1
another;17;6;G;AE;m;L19;G;None;M;0
one;17;6;G;AE;m;L19;G;None;M;1
selling;17;6;G;AE;m;L19;G;None;M;1
sausages;17;6;G;AE;m;L19;G;None;M;1
ham;17;6;G;AE;m;L19;G;None;M;1
four;18;6;G;AE;m;L19;G;None;M;1
adults;18;6;G;AE;m;L19;G;None;M;1
working;18;6;G;AE;m;L19;G;None;M;1
supermarket;18;6;G;AE;m;L19;G;None;M;1
father;19;7;G;BE;f;L19;G;None;M;1
looks;19;7;G;BE;f;L19;G;None;M;0
son;19;7;G;BE;f;L19;G;None;M;1
watering;19;7;G;BE;f;L19;G;None;M;1
plants;19;7;G;BE;f;L19;G;None;M;1
think;20;7;G;BE;f;L19;G;None;M;1
are;20;7;G;BE;f;L19;G;None;M;0
flowers;20;7;G;BE;f;L19;G;None;M;1
onions;20;7;G;BE;f;L19;G;None;M;1
something;20;7;G;BE;f;L19;G;None;M;1
thick;20;7;G;BE;f;L19;G;None;M;1
root;20;7;G;BE;f;L19;G;None;M;1
dog;21;7;G;BE;f;L19;G;None;M;1
seems;21;7;G;BE;f;L19;G;None;M;1
interested;21;7;G;BE;f;L19;G;None;M;1
snail;21;7;G;BE;f;L19;G;None;M;1
baby;22;8;G;BE;m;L19;G;None;M;1
trying;22;8;G;BE;m;L19;G;None;M;0
feed;22;8;G;BE;m;L19;G;None;M;1
one;22;8;G;BE;m;L19;G;None;M;1
toys;22;8;G;BE;m;L19;G;None;M;1
is;23;8;G;BE;m;L19;G;None;M;0
window;23;8;G;BE;m;L19;G;None;M;0
butterfly;23;8;G;BE;m;L19;G;None;M;1
front;23;8;G;BE;m;L19;G;None;M;1
see;24;8;G;BE;m;L19;G;None;M;1
kitchenmachineries;24;8;G;BE;m;L19;G;None;M;1
lying;24;8;G;BE;m;L19;G;None;M;1
one;25;9;G;None;f;L19;G;None;M;1
girls;25;9;G;None;f;L19;G;None;M;1
buying;25;9;G;None;f;L19;G;None;M;1
food;25;9;G;None;f;L19;G;None;M;1
dog;25;9;G;None;f;L19;G;None;M;1
see;26;9;G;None;f;L19;G;None;M;1
children;26;9;G;None;f;L19;G;None;M;1
have;26;9;G;None;f;L19;G;None;M;1
blond;26;9;G;None;f;L19;G;None;M;1
hair;26;9;G;None;f;L19;G;None;M;1
little;27;9;G;None;f;L19;G;None;M;1
boy;27;9;G;None;f;L19;G;None;M;1
standing;27;9;G;None;f;L19;G;None;M;1
front;27;9;G;None;f;L19;G;None;M;1
cucumbers;27;9;G;None;f;L19;G;None;M;1
mother;28;10;G;None;m;L19;G;None;M;1
standing;28;10;G;None;m;L19;G;None;M;1
front;28;10;G;None;m;L19;G;None;M;1
refridgerator;28;10;G;None;m;L19;G;None;M;1
looking;28;10;G;None;m;L19;G;None;M;1
butter;28;10;G;None;m;L19;G;None;M;1
dog;29;10;G;None;m;L19;G;None;M;1
is;29;10;G;None;m;L19;G;None;M;1
interested;29;10;G;None;m;L19;G;None;M;0
meat;29;10;G;None;m;L19;G;None;M;1
ground;30;10;G;None;m;L19;G;None;M;1
lying;30;10;G;None;m;L19;G;None;M;1
cookies;30;10;G;None;m;L19;G;None;M;1
vegetables;30;10;G;None;m;L19;G;None;M;1
planted;1;1;AE;NA;f;L20;G;None;M;0
vergetablegarden;1;1;AE;NA;f;L20;G;None;M;0
last;1;1;AE;NA;f;L20;G;None;M;0
summer;1;1;AE;NA;f;L20;G;None;M;0
is;2;1;AE;NA;f;L20;G;None;M;1
weekend;2;1;AE;NA;f;L20;G;None;M;1
whole;2;1;AE;NA;f;L20;G;None;M;1
family;2;1;AE;NA;f;L20;G;None;M;1
is;2;1;AE;NA;f;L20;G;None;M;1
outside;2;1;AE;NA;f;L20;G;None;M;1
have;3;1;AE;NA;f;L20;G;None;M;1
nice;3;1;AE;NA;f;L20;G;None;M;1
chair;3;1;AE;NA;f;L20;G;None;M;1
sit;3;1;AE;NA;f;L20;G;None;M;1
umbrella;3;1;AE;NA;f;L20;G;None;M;1
motherbird;4;2;AE;NA;m;L20;G;None;M;0
feeding;4;2;AE;NA;m;L20;G;None;M;0
smaller;4;2;AE;NA;m;L20;G;None;M;0
birds;4;2;AE;NA;m;L20;G;None;M;0
farmer;5;2;AE;NA;m;L20;G;None;M;1
helping;5;2;AE;NA;m;L20;G;None;M;0
tractor;5;2;AE;NA;m;L20;G;None;M;1
examining;5;2;AE;NA;m;L20;G;None;M;0
dog;6;2;AE;NA;m;L20;G;None;M;1
is;6;2;AE;NA;m;L20;G;None;M;1
chained;6;2;AE;NA;m;L20;G;None;M;0
bone;6;2;AE;NA;m;L20;G;None;M;0
is;6;2;AE;NA;m;L20;G;None;M;0
happy;6;2;AE;NA;m;L20;G;None;M;0
is;7;3;BE;NA;f;L20;G;None;M;0
interested;7;3;BE;NA;f;L20;G;None;M;0
rabbits;7;3;BE;NA;f;L20;G;None;M;1
sitting;7;3;BE;NA;f;L20;G;None;M;0
farmyard;7;3;BE;NA;f;L20;G;None;M;1
seems;8;3;BE;NA;f;L20;G;None;M;1
emancipated;8;3;BE;NA;f;L20;G;None;M;1
lady;8;3;BE;NA;f;L20;G;None;M;0
driving;8;3;BE;NA;f;L20;G;None;M;1
tractor;8;3;BE;NA;f;L20;G;None;M;1
kitten;9;3;BE;NA;f;L20;G;None;M;0
having;9;3;BE;NA;f;L20;G;None;M;0
bowl;9;3;BE;NA;f;L20;G;None;M;0
milk;9;3;BE;NA;f;L20;G;None;M;1
is;10;4;BE;NA;m;L20;G;None;M;1
teddybear;10;4;BE;NA;m;L20;G;None;M;1
lying;10;4;BE;NA;m;L20;G;None;M;1
middle;10;4;BE;NA;m;L20;G;None;M;1
road;10;4;BE;NA;m;L20;G;None;M;0
is;11;4;BE;NA;m;L20;G;None;M;1
man;11;4;BE;NA;m;L20;G;None;M;1
walking;11;4;BE;NA;m;L20;G;None;M;1
dog;11;4;BE;NA;m;L20;G;None;M;1
talking;11;4;BE;NA;m;L20;G;None;M;1
phone;11;4;BE;NA;m;L20;G;None;M;0
is;12;4;BE;NA;m;L20;G;None;M;1
little;12;4;BE;NA;m;L20;G;None;M;0
boy;12;4;BE;NA;m;L20;G;None;M;1
eating;12;4;BE;NA;m;L20;G;None;M;1
icecream;12;4;BE;NA;m;L20;G;None;M;1
is;13;5;G;AE;f;L20;G;None;M;1
guy;13;5;G;AE;f;L20;G;None;M;1
reading;13;5;G;AE;f;L20;G;None;M;1
newspaper;13;5;G;AE;f;L20;G;None;M;1
is;14;5;G;AE;f;L20;G;None;M;1
cab;14;5;G;AE;f;L20;G;None;M;0
seems;14;5;G;AE;f;L20;G;None;M;1
gotton;14;5;G;AE;f;L20;G;None;M;0
accident;14;5;G;AE;f;L20;G;None;M;1
holds;15;5;G;AE;f;L20;G;None;M;0
little;15;5;G;AE;f;L20;G;None;M;0
leather;15;5;G;AE;f;L20;G;None;M;0
purse;15;5;G;AE;f;L20;G;None;M;0
looks;15;5;G;AE;f;L20;G;None;M;0
happy;15;5;G;AE;f;L20;G;None;M;1
girl;16;6;G;AE;m;L20;G;None;M;0
paying;16;6;G;AE;m;L20;G;None;M;0
woman;16;6;G;AE;m;L20;G;None;M;1
checkout;16;6;G;AE;m;L20;G;None;M;1
guess;16;6;G;AE;m;L20;G;None;M;1
another;17;6;G;AE;m;L20;G;None;M;0
one;17;6;G;AE;m;L20;G;None;M;0
selling;17;6;G;AE;m;L20;G;None;M;0
sausages;17;6;G;AE;m;L20;G;None;M;1
ham;17;6;G;AE;m;L20;G;None;M;1
four;18;6;G;AE;m;L20;G;None;M;1
adults;18;6;G;AE;m;L20;G;None;M;0
working;18;6;G;AE;m;L20;G;None;M;1
supermarket;18;6;G;AE;m;L20;G;None;M;1
father;19;7;G;BE;f;L20;G;None;M;1
looks;19;7;G;BE;f;L20;G;None;M;0
son;19;7;G;BE;f;L20;G;None;M;1
watering;19;7;G;BE;f;L20;G;None;M;0
plants;19;7;G;BE;f;L20;G;None;M;0
think;20;7;G;BE;f;L20;G;None;M;1
are;20;7;G;BE;f;L20;G;None;M;1
flowers;20;7;G;BE;f;L20;G;None;M;0
onions;20;7;G;BE;f;L20;G;None;M;1
something;20;7;G;BE;f;L20;G;None;M;1
thick;20;7;G;BE;f;L20;G;None;M;0
root;20;7;G;BE;f;L20;G;None;M;0
dog;21;7;G;BE;f;L20;G;None;M;1
seems;21;7;G;BE;f;L20;G;None;M;1
interested;21;7;G;BE;f;L20;G;None;M;1
snail;21;7;G;BE;f;L20;G;None;M;1
baby;22;8;G;BE;m;L20;G;None;M;1
trying;22;8;G;BE;m;L20;G;None;M;0
feed;22;8;G;BE;m;L20;G;None;M;0
one;22;8;G;BE;m;L20;G;None;M;1
toys;22;8;G;BE;m;L20;G;None;M;1
is;23;8;G;BE;m;L20;G;None;M;0
window;23;8;G;BE;m;L20;G;None;M;0
butterfly;23;8;G;BE;m;L20;G;None;M;1
front;23;8;G;BE;m;L20;G;None;M;0
see;24;8;G;BE;m;L20;G;None;M;1
kitchenmachineries;24;8;G;BE;m;L20;G;None;M;0
lying;24;8;G;BE;m;L20;G;None;M;0
one;25;9;G;None;f;L20;G;None;M;1
girls;25;9;G;None;f;L20;G;None;M;1
buying;25;9;G;None;f;L20;G;None;M;1
food;25;9;G;None;f;L20;G;None;M;1
dog;25;9;G;None;f;L20;G;None;M;1
see;26;9;G;None;f;L20;G;None;M;1
children;26;9;G;None;f;L20;G;None;M;1
have;26;9;G;None;f;L20;G;None;M;1
blond;26;9;G;None;f;L20;G;None;M;1
hair;26;9;G;None;f;L20;G;None;M;1
little;27;9;G;None;f;L20;G;None;M;1
boy;27;9;G;None;f;L20;G;None;M;1
standing;27;9;G;None;f;L20;G;None;M;1
front;27;9;G;None;f;L20;G;None;M;1
cucumbers;27;9;G;None;f;L20;G;None;M;1
mother;28;10;G;None;m;L20;G;None;M;1
standing;28;10;G;None;m;L20;G;None;M;1
front;28;10;G;None;m;L20;G;None;M;1
refridgerator;28;10;G;None;m;L20;G;None;M;1
looking;28;10;G;None;m;L20;G;None;M;1
butter;28;10;G;None;m;L20;G;None;M;1
dog;29;10;G;None;m;L20;G;None;M;1
is;29;10;G;None;m;L20;G;None;M;1
interested;29;10;G;None;m;L20;G;None;M;0
meat;29;10;G;None;m;L20;G;None;M;1
ground;30;10;G;None;m;L20;G;None;M;1
lying;30;10;G;None;m;L20;G;None;M;1
cookies;30;10;G;None;m;L20;G;None;M;1
vegetables;30;10;G;None;m;L20;G;None;M;1
